-- TelcoSuite V004 TMF core refinement for Service And Resource Design Studio
-- Target database: ts_oss_engineering_fulfillment
-- App schema: service_resource_design
-- Generated from: planning/suite-details/tmf-api-ddl-reviews/service-resource-design.md
-- Reviewed: 2026-06-14

CREATE EXTENSION IF NOT EXISTS pgcrypto;

BEGIN;

COMMENT ON SCHEMA service_resource_design IS 'App-owned schema for Service And Resource Design Studio; V002 TMF baseline review complete on 2026-06-14.';

-- Promote common TMF resource fields on service_resource_design.service_specification.
ALTER TABLE service_resource_design.service_specification
    ADD COLUMN IF NOT EXISTS tmf_id text,
    ADD COLUMN IF NOT EXISTS tmf_href text,
    ADD COLUMN IF NOT EXISTS tmf_type text,
    ADD COLUMN IF NOT EXISTS tmf_base_type text,
    ADD COLUMN IF NOT EXISTS tmf_schema_location text,
    ADD COLUMN IF NOT EXISTS tmf_referred_type text,
    ADD COLUMN IF NOT EXISTS tmf_name text,
    ADD COLUMN IF NOT EXISTS tmf_description text,
    ADD COLUMN IF NOT EXISTS tmf_category text,
    ADD COLUMN IF NOT EXISTS tmf_lifecycle_status text,
    ADD COLUMN IF NOT EXISTS tmf_state text,
    ADD COLUMN IF NOT EXISTS tmf_status_reason text,
    ADD COLUMN IF NOT EXISTS tmf_priority text,
    ADD COLUMN IF NOT EXISTS tmf_last_update timestamptz,
    ADD COLUMN IF NOT EXISTS tmf_start_date timestamptz,
    ADD COLUMN IF NOT EXISTS tmf_end_date timestamptz,
    ADD COLUMN IF NOT EXISTS tmf_requested_start_date timestamptz,
    ADD COLUMN IF NOT EXISTS tmf_requested_completion_date timestamptz,
    ADD COLUMN IF NOT EXISTS tmf_expected_completion_date timestamptz,
    ADD COLUMN IF NOT EXISTS tmf_completion_date timestamptz,
    ADD COLUMN IF NOT EXISTS tmf_external_id text;
CREATE INDEX IF NOT EXISTS ix_service_specification_tmf_id ON service_resource_design.service_specification (tmf_id) WHERE tmf_id IS NOT NULL;
CREATE INDEX IF NOT EXISTS ix_service_specification_tmf_href ON service_resource_design.service_specification (tmf_href) WHERE tmf_href IS NOT NULL;
CREATE INDEX IF NOT EXISTS ix_service_specification_tmf_state ON service_resource_design.service_specification (tenant_id, tmf_state) WHERE tmf_state IS NOT NULL;
COMMENT ON COLUMN service_resource_design.service_specification.tmf_payload IS 'Full validated TMF resource payload retained for fields not promoted to typed columns.';
COMMENT ON COLUMN service_resource_design.service_specification.tmf_id IS 'TMF resource id from the selected local TMF API baseline when different from canonical_id.';

-- Promote common TMF resource fields on service_resource_design.resource_specification.
ALTER TABLE service_resource_design.resource_specification
    ADD COLUMN IF NOT EXISTS tmf_id text,
    ADD COLUMN IF NOT EXISTS tmf_href text,
    ADD COLUMN IF NOT EXISTS tmf_type text,
    ADD COLUMN IF NOT EXISTS tmf_base_type text,
    ADD COLUMN IF NOT EXISTS tmf_schema_location text,
    ADD COLUMN IF NOT EXISTS tmf_referred_type text,
    ADD COLUMN IF NOT EXISTS tmf_name text,
    ADD COLUMN IF NOT EXISTS tmf_description text,
    ADD COLUMN IF NOT EXISTS tmf_category text,
    ADD COLUMN IF NOT EXISTS tmf_lifecycle_status text,
    ADD COLUMN IF NOT EXISTS tmf_state text,
    ADD COLUMN IF NOT EXISTS tmf_status_reason text,
    ADD COLUMN IF NOT EXISTS tmf_priority text,
    ADD COLUMN IF NOT EXISTS tmf_last_update timestamptz,
    ADD COLUMN IF NOT EXISTS tmf_start_date timestamptz,
    ADD COLUMN IF NOT EXISTS tmf_end_date timestamptz,
    ADD COLUMN IF NOT EXISTS tmf_requested_start_date timestamptz,
    ADD COLUMN IF NOT EXISTS tmf_requested_completion_date timestamptz,
    ADD COLUMN IF NOT EXISTS tmf_expected_completion_date timestamptz,
    ADD COLUMN IF NOT EXISTS tmf_completion_date timestamptz,
    ADD COLUMN IF NOT EXISTS tmf_external_id text;
CREATE INDEX IF NOT EXISTS ix_resource_specification_tmf_id ON service_resource_design.resource_specification (tmf_id) WHERE tmf_id IS NOT NULL;
CREATE INDEX IF NOT EXISTS ix_resource_specification_tmf_href ON service_resource_design.resource_specification (tmf_href) WHERE tmf_href IS NOT NULL;
CREATE INDEX IF NOT EXISTS ix_resource_specification_tmf_state ON service_resource_design.resource_specification (tenant_id, tmf_state) WHERE tmf_state IS NOT NULL;
COMMENT ON COLUMN service_resource_design.resource_specification.tmf_payload IS 'Full validated TMF resource payload retained for fields not promoted to typed columns.';
COMMENT ON COLUMN service_resource_design.resource_specification.tmf_id IS 'TMF resource id from the selected local TMF API baseline when different from canonical_id.';

-- Promote common TMF resource fields on service_resource_design.specification_version.
ALTER TABLE service_resource_design.specification_version
    ADD COLUMN IF NOT EXISTS tmf_id text,
    ADD COLUMN IF NOT EXISTS tmf_href text,
    ADD COLUMN IF NOT EXISTS tmf_type text,
    ADD COLUMN IF NOT EXISTS tmf_base_type text,
    ADD COLUMN IF NOT EXISTS tmf_schema_location text,
    ADD COLUMN IF NOT EXISTS tmf_referred_type text,
    ADD COLUMN IF NOT EXISTS tmf_name text,
    ADD COLUMN IF NOT EXISTS tmf_description text,
    ADD COLUMN IF NOT EXISTS tmf_category text,
    ADD COLUMN IF NOT EXISTS tmf_lifecycle_status text,
    ADD COLUMN IF NOT EXISTS tmf_state text,
    ADD COLUMN IF NOT EXISTS tmf_status_reason text,
    ADD COLUMN IF NOT EXISTS tmf_priority text,
    ADD COLUMN IF NOT EXISTS tmf_last_update timestamptz,
    ADD COLUMN IF NOT EXISTS tmf_start_date timestamptz,
    ADD COLUMN IF NOT EXISTS tmf_end_date timestamptz,
    ADD COLUMN IF NOT EXISTS tmf_requested_start_date timestamptz,
    ADD COLUMN IF NOT EXISTS tmf_requested_completion_date timestamptz,
    ADD COLUMN IF NOT EXISTS tmf_expected_completion_date timestamptz,
    ADD COLUMN IF NOT EXISTS tmf_completion_date timestamptz,
    ADD COLUMN IF NOT EXISTS tmf_external_id text;
CREATE INDEX IF NOT EXISTS ix_specification_version_tmf_id ON service_resource_design.specification_version (tmf_id) WHERE tmf_id IS NOT NULL;
CREATE INDEX IF NOT EXISTS ix_specification_version_tmf_href ON service_resource_design.specification_version (tmf_href) WHERE tmf_href IS NOT NULL;
CREATE INDEX IF NOT EXISTS ix_specification_version_tmf_state ON service_resource_design.specification_version (tenant_id, tmf_state) WHERE tmf_state IS NOT NULL;
COMMENT ON COLUMN service_resource_design.specification_version.tmf_payload IS 'Full validated TMF resource payload retained for fields not promoted to typed columns.';
COMMENT ON COLUMN service_resource_design.specification_version.tmf_id IS 'TMF resource id from the selected local TMF API baseline when different from canonical_id.';

-- Promote common TMF resource fields on service_resource_design.realization_rule.
ALTER TABLE service_resource_design.realization_rule
    ADD COLUMN IF NOT EXISTS tmf_id text,
    ADD COLUMN IF NOT EXISTS tmf_href text,
    ADD COLUMN IF NOT EXISTS tmf_type text,
    ADD COLUMN IF NOT EXISTS tmf_base_type text,
    ADD COLUMN IF NOT EXISTS tmf_schema_location text,
    ADD COLUMN IF NOT EXISTS tmf_referred_type text,
    ADD COLUMN IF NOT EXISTS tmf_name text,
    ADD COLUMN IF NOT EXISTS tmf_description text,
    ADD COLUMN IF NOT EXISTS tmf_category text,
    ADD COLUMN IF NOT EXISTS tmf_lifecycle_status text,
    ADD COLUMN IF NOT EXISTS tmf_state text,
    ADD COLUMN IF NOT EXISTS tmf_status_reason text,
    ADD COLUMN IF NOT EXISTS tmf_priority text,
    ADD COLUMN IF NOT EXISTS tmf_last_update timestamptz,
    ADD COLUMN IF NOT EXISTS tmf_start_date timestamptz,
    ADD COLUMN IF NOT EXISTS tmf_end_date timestamptz,
    ADD COLUMN IF NOT EXISTS tmf_requested_start_date timestamptz,
    ADD COLUMN IF NOT EXISTS tmf_requested_completion_date timestamptz,
    ADD COLUMN IF NOT EXISTS tmf_expected_completion_date timestamptz,
    ADD COLUMN IF NOT EXISTS tmf_completion_date timestamptz,
    ADD COLUMN IF NOT EXISTS tmf_external_id text;
CREATE INDEX IF NOT EXISTS ix_realization_rule_tmf_id ON service_resource_design.realization_rule (tmf_id) WHERE tmf_id IS NOT NULL;
CREATE INDEX IF NOT EXISTS ix_realization_rule_tmf_href ON service_resource_design.realization_rule (tmf_href) WHERE tmf_href IS NOT NULL;
CREATE INDEX IF NOT EXISTS ix_realization_rule_tmf_state ON service_resource_design.realization_rule (tenant_id, tmf_state) WHERE tmf_state IS NOT NULL;
COMMENT ON COLUMN service_resource_design.realization_rule.tmf_payload IS 'Full validated TMF resource payload retained for fields not promoted to typed columns.';
COMMENT ON COLUMN service_resource_design.realization_rule.tmf_id IS 'TMF resource id from the selected local TMF API baseline when different from canonical_id.';

-- Promote common TMF resource fields on service_resource_design.technical_compatibility_rule.
ALTER TABLE service_resource_design.technical_compatibility_rule
    ADD COLUMN IF NOT EXISTS tmf_id text,
    ADD COLUMN IF NOT EXISTS tmf_href text,
    ADD COLUMN IF NOT EXISTS tmf_type text,
    ADD COLUMN IF NOT EXISTS tmf_base_type text,
    ADD COLUMN IF NOT EXISTS tmf_schema_location text,
    ADD COLUMN IF NOT EXISTS tmf_referred_type text,
    ADD COLUMN IF NOT EXISTS tmf_name text,
    ADD COLUMN IF NOT EXISTS tmf_description text,
    ADD COLUMN IF NOT EXISTS tmf_category text,
    ADD COLUMN IF NOT EXISTS tmf_lifecycle_status text,
    ADD COLUMN IF NOT EXISTS tmf_state text,
    ADD COLUMN IF NOT EXISTS tmf_status_reason text,
    ADD COLUMN IF NOT EXISTS tmf_priority text,
    ADD COLUMN IF NOT EXISTS tmf_last_update timestamptz,
    ADD COLUMN IF NOT EXISTS tmf_start_date timestamptz,
    ADD COLUMN IF NOT EXISTS tmf_end_date timestamptz,
    ADD COLUMN IF NOT EXISTS tmf_requested_start_date timestamptz,
    ADD COLUMN IF NOT EXISTS tmf_requested_completion_date timestamptz,
    ADD COLUMN IF NOT EXISTS tmf_expected_completion_date timestamptz,
    ADD COLUMN IF NOT EXISTS tmf_completion_date timestamptz,
    ADD COLUMN IF NOT EXISTS tmf_external_id text;
CREATE INDEX IF NOT EXISTS ix_technical_compatibility_rule_tmf_id ON service_resource_design.technical_compatibility_rule (tmf_id) WHERE tmf_id IS NOT NULL;
CREATE INDEX IF NOT EXISTS ix_technical_compatibility_rule_tmf_href ON service_resource_design.technical_compatibility_rule (tmf_href) WHERE tmf_href IS NOT NULL;
CREATE INDEX IF NOT EXISTS ix_technical_compatibility_rule_tmf_state ON service_resource_design.technical_compatibility_rule (tenant_id, tmf_state) WHERE tmf_state IS NOT NULL;
COMMENT ON COLUMN service_resource_design.technical_compatibility_rule.tmf_payload IS 'Full validated TMF resource payload retained for fields not promoted to typed columns.';
COMMENT ON COLUMN service_resource_design.technical_compatibility_rule.tmf_id IS 'TMF resource id from the selected local TMF API baseline when different from canonical_id.';

-- Promote common TMF resource fields on service_resource_design.entity_template.
ALTER TABLE service_resource_design.entity_template
    ADD COLUMN IF NOT EXISTS tmf_id text,
    ADD COLUMN IF NOT EXISTS tmf_href text,
    ADD COLUMN IF NOT EXISTS tmf_type text,
    ADD COLUMN IF NOT EXISTS tmf_base_type text,
    ADD COLUMN IF NOT EXISTS tmf_schema_location text,
    ADD COLUMN IF NOT EXISTS tmf_referred_type text,
    ADD COLUMN IF NOT EXISTS tmf_name text,
    ADD COLUMN IF NOT EXISTS tmf_description text,
    ADD COLUMN IF NOT EXISTS tmf_category text,
    ADD COLUMN IF NOT EXISTS tmf_lifecycle_status text,
    ADD COLUMN IF NOT EXISTS tmf_state text,
    ADD COLUMN IF NOT EXISTS tmf_status_reason text,
    ADD COLUMN IF NOT EXISTS tmf_priority text,
    ADD COLUMN IF NOT EXISTS tmf_last_update timestamptz,
    ADD COLUMN IF NOT EXISTS tmf_start_date timestamptz,
    ADD COLUMN IF NOT EXISTS tmf_end_date timestamptz,
    ADD COLUMN IF NOT EXISTS tmf_requested_start_date timestamptz,
    ADD COLUMN IF NOT EXISTS tmf_requested_completion_date timestamptz,
    ADD COLUMN IF NOT EXISTS tmf_expected_completion_date timestamptz,
    ADD COLUMN IF NOT EXISTS tmf_completion_date timestamptz,
    ADD COLUMN IF NOT EXISTS tmf_external_id text;
CREATE INDEX IF NOT EXISTS ix_entity_template_tmf_id ON service_resource_design.entity_template (tmf_id) WHERE tmf_id IS NOT NULL;
CREATE INDEX IF NOT EXISTS ix_entity_template_tmf_href ON service_resource_design.entity_template (tmf_href) WHERE tmf_href IS NOT NULL;
CREATE INDEX IF NOT EXISTS ix_entity_template_tmf_state ON service_resource_design.entity_template (tenant_id, tmf_state) WHERE tmf_state IS NOT NULL;
COMMENT ON COLUMN service_resource_design.entity_template.tmf_payload IS 'Full validated TMF resource payload retained for fields not promoted to typed columns.';
COMMENT ON COLUMN service_resource_design.entity_template.tmf_id IS 'TMF resource id from the selected local TMF API baseline when different from canonical_id.';

-- Promote common TMF resource fields on service_resource_design.event_outbox.
ALTER TABLE service_resource_design.event_outbox
    ADD COLUMN IF NOT EXISTS tmf_id text,
    ADD COLUMN IF NOT EXISTS tmf_href text,
    ADD COLUMN IF NOT EXISTS tmf_type text,
    ADD COLUMN IF NOT EXISTS tmf_base_type text,
    ADD COLUMN IF NOT EXISTS tmf_schema_location text,
    ADD COLUMN IF NOT EXISTS tmf_referred_type text,
    ADD COLUMN IF NOT EXISTS tmf_name text,
    ADD COLUMN IF NOT EXISTS tmf_description text,
    ADD COLUMN IF NOT EXISTS tmf_category text,
    ADD COLUMN IF NOT EXISTS tmf_lifecycle_status text,
    ADD COLUMN IF NOT EXISTS tmf_state text,
    ADD COLUMN IF NOT EXISTS tmf_status_reason text,
    ADD COLUMN IF NOT EXISTS tmf_priority text,
    ADD COLUMN IF NOT EXISTS tmf_last_update timestamptz,
    ADD COLUMN IF NOT EXISTS tmf_start_date timestamptz,
    ADD COLUMN IF NOT EXISTS tmf_end_date timestamptz,
    ADD COLUMN IF NOT EXISTS tmf_requested_start_date timestamptz,
    ADD COLUMN IF NOT EXISTS tmf_requested_completion_date timestamptz,
    ADD COLUMN IF NOT EXISTS tmf_expected_completion_date timestamptz,
    ADD COLUMN IF NOT EXISTS tmf_completion_date timestamptz,
    ADD COLUMN IF NOT EXISTS tmf_external_id text;
CREATE INDEX IF NOT EXISTS ix_event_outbox_tmf_id ON service_resource_design.event_outbox (tmf_id) WHERE tmf_id IS NOT NULL;
CREATE INDEX IF NOT EXISTS ix_event_outbox_tmf_href ON service_resource_design.event_outbox (tmf_href) WHERE tmf_href IS NOT NULL;
CREATE INDEX IF NOT EXISTS ix_event_outbox_tmf_state ON service_resource_design.event_outbox (tenant_id, tmf_state) WHERE tmf_state IS NOT NULL;
COMMENT ON COLUMN service_resource_design.event_outbox.tmf_payload IS 'Full validated TMF resource payload retained for fields not promoted to typed columns.';
COMMENT ON COLUMN service_resource_design.event_outbox.tmf_id IS 'TMF resource id from the selected local TMF API baseline when different from canonical_id.';

CREATE TABLE IF NOT EXISTS service_resource_design.tmf_api_resource_map (
    id uuid PRIMARY KEY DEFAULT gen_random_uuid(),
    tmf_api text NOT NULL,
    tmf_resource text NOT NULL,
    resource_path text,
    anchor_table text NOT NULL,
    ownership_role text NOT NULL DEFAULT 'master_or_projection',
    field_strategy text NOT NULL,
    local_spec_path text,
    promoted_fields jsonb NOT NULL DEFAULT '[]'::jsonb,
    payload_required boolean NOT NULL DEFAULT true,
    contract_test_required boolean NOT NULL DEFAULT true,
    created_at timestamptz NOT NULL DEFAULT now(),
    updated_at timestamptz NOT NULL DEFAULT now(),
    CONSTRAINT uk_tmf_api_resource_map UNIQUE (tmf_api, tmf_resource, anchor_table)
);

CREATE TABLE IF NOT EXISTS service_resource_design.tmf_resource_reference (
    id uuid PRIMARY KEY DEFAULT gen_random_uuid(),
    tenant_id text NOT NULL DEFAULT 'default',
    source_table text NOT NULL,
    source_record_id uuid,
    source_canonical_id text,
    reference_role text NOT NULL,
    referenced_api text,
    referenced_resource text,
    referenced_id text,
    referenced_href text,
    referenced_name text,
    referred_type text,
    reference_payload jsonb NOT NULL DEFAULT '{}'::jsonb,
    valid_from timestamptz,
    valid_to timestamptz,
    created_at timestamptz NOT NULL DEFAULT now(),
    created_by text,
    CONSTRAINT ck_tmf_resource_reference_validity CHECK (valid_to IS NULL OR valid_from IS NULL OR valid_to >= valid_from)
);

CREATE TABLE IF NOT EXISTS service_resource_design.tmf_characteristic (
    id uuid PRIMARY KEY DEFAULT gen_random_uuid(),
    tenant_id text NOT NULL DEFAULT 'default',
    source_table text NOT NULL,
    source_record_id uuid,
    source_canonical_id text,
    characteristic_name text NOT NULL,
    value_type text,
    characteristic_value jsonb NOT NULL DEFAULT '{}'::jsonb,
    value_from timestamptz,
    value_to timestamptz,
    created_at timestamptz NOT NULL DEFAULT now(),
    created_by text,
    CONSTRAINT ck_tmf_characteristic_validity CHECK (value_to IS NULL OR value_from IS NULL OR value_to >= value_from)
);

CREATE TABLE IF NOT EXISTS service_resource_design.tmf_external_identifier (
    id uuid PRIMARY KEY DEFAULT gen_random_uuid(),
    tenant_id text NOT NULL DEFAULT 'default',
    source_table text NOT NULL,
    source_record_id uuid,
    source_canonical_id text,
    owner text,
    external_identifier_type text,
    external_identifier_id text NOT NULL,
    external_href text,
    created_at timestamptz NOT NULL DEFAULT now(),
    CONSTRAINT uk_tmf_external_identifier UNIQUE (tenant_id, source_table, external_identifier_id)
);

CREATE TABLE IF NOT EXISTS service_resource_design.tmf_related_party (
    id uuid PRIMARY KEY DEFAULT gen_random_uuid(),
    tenant_id text NOT NULL DEFAULT 'default',
    source_table text NOT NULL,
    source_record_id uuid,
    source_canonical_id text,
    party_id text,
    party_href text,
    party_name text,
    party_role text,
    party_referred_type text,
    related_party_payload jsonb NOT NULL DEFAULT '{}'::jsonb,
    created_at timestamptz NOT NULL DEFAULT now()
);

CREATE TABLE IF NOT EXISTS service_resource_design.tmf_note (
    id uuid PRIMARY KEY DEFAULT gen_random_uuid(),
    tenant_id text NOT NULL DEFAULT 'default',
    source_table text NOT NULL,
    source_record_id uuid,
    source_canonical_id text,
    note_author text,
    note_date timestamptz,
    note_text text NOT NULL,
    note_payload jsonb NOT NULL DEFAULT '{}'::jsonb,
    created_at timestamptz NOT NULL DEFAULT now()
);

CREATE TABLE IF NOT EXISTS service_resource_design.tmf_attachment (
    id uuid PRIMARY KEY DEFAULT gen_random_uuid(),
    tenant_id text NOT NULL DEFAULT 'default',
    source_table text NOT NULL,
    source_record_id uuid,
    source_canonical_id text,
    attachment_id text,
    attachment_href text,
    attachment_name text,
    attachment_type text,
    mime_type text,
    content_url text,
    size_amount numeric,
    size_units text,
    attachment_payload jsonb NOT NULL DEFAULT '{}'::jsonb,
    created_at timestamptz NOT NULL DEFAULT now()
);

CREATE TABLE IF NOT EXISTS service_resource_design.tmf_relationship (
    id uuid PRIMARY KEY DEFAULT gen_random_uuid(),
    tenant_id text NOT NULL DEFAULT 'default',
    source_table text NOT NULL,
    source_record_id uuid,
    source_canonical_id text,
    relationship_type text NOT NULL,
    target_table text,
    target_record_id uuid,
    target_canonical_id text,
    target_api text,
    target_resource text,
    target_href text,
    relationship_payload jsonb NOT NULL DEFAULT '{}'::jsonb,
    valid_from timestamptz,
    valid_to timestamptz,
    created_at timestamptz NOT NULL DEFAULT now(),
    CONSTRAINT ck_tmf_relationship_validity CHECK (valid_to IS NULL OR valid_from IS NULL OR valid_to >= valid_from)
);

CREATE TABLE IF NOT EXISTS service_resource_design.event_contract (
    id uuid PRIMARY KEY DEFAULT gen_random_uuid(),
    event_name text NOT NULL,
    event_version text NOT NULL DEFAULT 'v1',
    tmf_api text,
    tmf_resource text,
    source_table text NOT NULL,
    event_type text NOT NULL,
    event_key_strategy text NOT NULL,
    payload_basis text NOT NULL,
    outbox_table text NOT NULL DEFAULT 'service_resource_design.event_outbox',
    retention_class text NOT NULL DEFAULT 'event_replay_90d',
    masking_policy text NOT NULL DEFAULT 'Apply source table masking policy before external publication',
    consumer_notes text,
    is_active boolean NOT NULL DEFAULT true,
    created_at timestamptz NOT NULL DEFAULT now(),
    updated_at timestamptz NOT NULL DEFAULT now(),
    CONSTRAINT uk_event_contract UNIQUE (event_name, event_version)
);

CREATE TABLE IF NOT EXISTS service_resource_design.privacy_retention_policy (
    id uuid PRIMARY KEY DEFAULT gen_random_uuid(),
    table_name text NOT NULL,
    data_domain text NOT NULL,
    data_classification text NOT NULL,
    retention_class text NOT NULL,
    retention_basis text NOT NULL,
    default_retention_days integer,
    legal_hold_supported boolean NOT NULL DEFAULT true,
    residency_rule text,
    masking_policy text NOT NULL,
    audit_level text NOT NULL DEFAULT 'standard',
    created_at timestamptz NOT NULL DEFAULT now(),
    updated_at timestamptz NOT NULL DEFAULT now(),
    CONSTRAINT uk_privacy_retention_policy UNIQUE (table_name)
);

CREATE INDEX IF NOT EXISTS ix_tmf_api_resource_map_lookup ON service_resource_design.tmf_api_resource_map (tmf_api, tmf_resource);
CREATE INDEX IF NOT EXISTS ix_tmf_resource_reference_lookup ON service_resource_design.tmf_resource_reference (tenant_id, source_table, source_canonical_id);
CREATE INDEX IF NOT EXISTS ix_tmf_characteristic_lookup ON service_resource_design.tmf_characteristic (tenant_id, source_table, characteristic_name);
CREATE INDEX IF NOT EXISTS ix_tmf_external_identifier_lookup ON service_resource_design.tmf_external_identifier (tenant_id, external_identifier_id);
CREATE INDEX IF NOT EXISTS ix_tmf_related_party_lookup ON service_resource_design.tmf_related_party (tenant_id, party_id);
CREATE INDEX IF NOT EXISTS ix_tmf_note_lookup ON service_resource_design.tmf_note (tenant_id, source_table, source_canonical_id);
CREATE INDEX IF NOT EXISTS ix_tmf_attachment_lookup ON service_resource_design.tmf_attachment (tenant_id, source_table, source_canonical_id);
CREATE INDEX IF NOT EXISTS ix_tmf_relationship_lookup ON service_resource_design.tmf_relationship (tenant_id, source_table, relationship_type);
CREATE INDEX IF NOT EXISTS ix_event_contract_lookup ON service_resource_design.event_contract (event_name, event_version);
CREATE INDEX IF NOT EXISTS ix_privacy_retention_policy_lookup ON service_resource_design.privacy_retention_policy (table_name);

COMMENT ON TABLE service_resource_design.tmf_api_resource_map IS 'V002 TMF support/control table for Service And Resource Design Studio.';
COMMENT ON TABLE service_resource_design.tmf_resource_reference IS 'V002 TMF support/control table for Service And Resource Design Studio.';
COMMENT ON TABLE service_resource_design.tmf_characteristic IS 'V002 TMF support/control table for Service And Resource Design Studio.';
COMMENT ON TABLE service_resource_design.tmf_external_identifier IS 'V002 TMF support/control table for Service And Resource Design Studio.';
COMMENT ON TABLE service_resource_design.tmf_related_party IS 'V002 TMF support/control table for Service And Resource Design Studio.';
COMMENT ON TABLE service_resource_design.tmf_note IS 'V002 TMF support/control table for Service And Resource Design Studio.';
COMMENT ON TABLE service_resource_design.tmf_attachment IS 'V002 TMF support/control table for Service And Resource Design Studio.';
COMMENT ON TABLE service_resource_design.tmf_relationship IS 'V002 TMF support/control table for Service And Resource Design Studio.';
COMMENT ON TABLE service_resource_design.event_contract IS 'V002 TMF support/control table for Service And Resource Design Studio.';
COMMENT ON TABLE service_resource_design.privacy_retention_policy IS 'V002 TMF support/control table for Service And Resource Design Studio.';


INSERT INTO service_resource_design.tmf_api_resource_map (tmf_api, tmf_resource, resource_path, anchor_table, field_strategy, local_spec_path, promoted_fields) VALUES ('TMF633', 'exportJob', '/exportJob', 'service_specification', 'Promote common TMF lifecycle/reference fields; store remaining validated resource fields in tmf_payload and characteristics tables.', 'references/tmforum-open-apis/openapi-specs/TMF633_ServiceCatalog/TMF633_Service_Catalog_Management_API_v4.0.0_swagger.json', '["id", "href", "completionDate", "contentType", "creationDate", "errorLog", "path", "query", "url", "status"]'::jsonb) ON CONFLICT (tmf_api, tmf_resource, anchor_table) DO UPDATE SET field_strategy = EXCLUDED.field_strategy, local_spec_path = EXCLUDED.local_spec_path, promoted_fields = EXCLUDED.promoted_fields, updated_at = now();
INSERT INTO service_resource_design.event_contract (event_name, event_version, tmf_api, tmf_resource, source_table, event_type, event_key_strategy, payload_basis, consumer_notes) VALUES ('service_resource_design.export_job.created', 'v1', 'TMF633', 'exportJob', 'service_resource_design.service_specification', 'created', 'tenant_id + canonical_id + version', 'typed columns + tmf_payload snapshot', 'Register concrete consumers during integration design') ON CONFLICT (event_name, event_version) DO UPDATE SET source_table = EXCLUDED.source_table, payload_basis = EXCLUDED.payload_basis, updated_at = now();
INSERT INTO service_resource_design.event_contract (event_name, event_version, tmf_api, tmf_resource, source_table, event_type, event_key_strategy, payload_basis, consumer_notes) VALUES ('service_resource_design.export_job.updated', 'v1', 'TMF633', 'exportJob', 'service_resource_design.service_specification', 'updated', 'tenant_id + canonical_id + version', 'typed columns + tmf_payload snapshot', 'Register concrete consumers during integration design') ON CONFLICT (event_name, event_version) DO UPDATE SET source_table = EXCLUDED.source_table, payload_basis = EXCLUDED.payload_basis, updated_at = now();
INSERT INTO service_resource_design.event_contract (event_name, event_version, tmf_api, tmf_resource, source_table, event_type, event_key_strategy, payload_basis, consumer_notes) VALUES ('service_resource_design.export_job.stateChanged', 'v1', 'TMF633', 'exportJob', 'service_resource_design.service_specification', 'stateChanged', 'tenant_id + canonical_id + version', 'typed columns + tmf_payload snapshot', 'Register concrete consumers during integration design') ON CONFLICT (event_name, event_version) DO UPDATE SET source_table = EXCLUDED.source_table, payload_basis = EXCLUDED.payload_basis, updated_at = now();
INSERT INTO service_resource_design.event_contract (event_name, event_version, tmf_api, tmf_resource, source_table, event_type, event_key_strategy, payload_basis, consumer_notes) VALUES ('service_resource_design.export_job.deleted', 'v1', 'TMF633', 'exportJob', 'service_resource_design.service_specification', 'deleted', 'tenant_id + canonical_id + version', 'typed columns + tmf_payload snapshot', 'Register concrete consumers during integration design') ON CONFLICT (event_name, event_version) DO UPDATE SET source_table = EXCLUDED.source_table, payload_basis = EXCLUDED.payload_basis, updated_at = now();
INSERT INTO service_resource_design.tmf_api_resource_map (tmf_api, tmf_resource, resource_path, anchor_table, field_strategy, local_spec_path, promoted_fields) VALUES ('TMF633', 'importJob', '/importJob', 'service_specification', 'Promote common TMF lifecycle/reference fields; store remaining validated resource fields in tmf_payload and characteristics tables.', 'references/tmforum-open-apis/openapi-specs/TMF633_ServiceCatalog/TMF633_Service_Catalog_Management_API_v4.0.0_swagger.json', '["id", "href", "completionDate", "contentType", "creationDate", "errorLog", "path", "url", "status"]'::jsonb) ON CONFLICT (tmf_api, tmf_resource, anchor_table) DO UPDATE SET field_strategy = EXCLUDED.field_strategy, local_spec_path = EXCLUDED.local_spec_path, promoted_fields = EXCLUDED.promoted_fields, updated_at = now();
INSERT INTO service_resource_design.event_contract (event_name, event_version, tmf_api, tmf_resource, source_table, event_type, event_key_strategy, payload_basis, consumer_notes) VALUES ('service_resource_design.import_job.created', 'v1', 'TMF633', 'importJob', 'service_resource_design.service_specification', 'created', 'tenant_id + canonical_id + version', 'typed columns + tmf_payload snapshot', 'Register concrete consumers during integration design') ON CONFLICT (event_name, event_version) DO UPDATE SET source_table = EXCLUDED.source_table, payload_basis = EXCLUDED.payload_basis, updated_at = now();
INSERT INTO service_resource_design.event_contract (event_name, event_version, tmf_api, tmf_resource, source_table, event_type, event_key_strategy, payload_basis, consumer_notes) VALUES ('service_resource_design.import_job.updated', 'v1', 'TMF633', 'importJob', 'service_resource_design.service_specification', 'updated', 'tenant_id + canonical_id + version', 'typed columns + tmf_payload snapshot', 'Register concrete consumers during integration design') ON CONFLICT (event_name, event_version) DO UPDATE SET source_table = EXCLUDED.source_table, payload_basis = EXCLUDED.payload_basis, updated_at = now();
INSERT INTO service_resource_design.event_contract (event_name, event_version, tmf_api, tmf_resource, source_table, event_type, event_key_strategy, payload_basis, consumer_notes) VALUES ('service_resource_design.import_job.stateChanged', 'v1', 'TMF633', 'importJob', 'service_resource_design.service_specification', 'stateChanged', 'tenant_id + canonical_id + version', 'typed columns + tmf_payload snapshot', 'Register concrete consumers during integration design') ON CONFLICT (event_name, event_version) DO UPDATE SET source_table = EXCLUDED.source_table, payload_basis = EXCLUDED.payload_basis, updated_at = now();
INSERT INTO service_resource_design.event_contract (event_name, event_version, tmf_api, tmf_resource, source_table, event_type, event_key_strategy, payload_basis, consumer_notes) VALUES ('service_resource_design.import_job.deleted', 'v1', 'TMF633', 'importJob', 'service_resource_design.service_specification', 'deleted', 'tenant_id + canonical_id + version', 'typed columns + tmf_payload snapshot', 'Register concrete consumers during integration design') ON CONFLICT (event_name, event_version) DO UPDATE SET source_table = EXCLUDED.source_table, payload_basis = EXCLUDED.payload_basis, updated_at = now();
INSERT INTO service_resource_design.tmf_api_resource_map (tmf_api, tmf_resource, resource_path, anchor_table, field_strategy, local_spec_path, promoted_fields) VALUES ('TMF633', 'serviceCandidate', '/serviceCandidate', 'service_specification', 'Promote common TMF lifecycle/reference fields; store remaining validated resource fields in tmf_payload and characteristics tables.', 'references/tmforum-open-apis/openapi-specs/TMF633_ServiceCatalog/TMF633_Service_Catalog_Management_API_v4.0.0_swagger.json', '["id", "href", "description", "lastUpdate", "lifecycleStatus", "name", "version", "category", "serviceSpecification", "validFor", "@baseType", "@schemaLocation", "@type"]'::jsonb) ON CONFLICT (tmf_api, tmf_resource, anchor_table) DO UPDATE SET field_strategy = EXCLUDED.field_strategy, local_spec_path = EXCLUDED.local_spec_path, promoted_fields = EXCLUDED.promoted_fields, updated_at = now();
INSERT INTO service_resource_design.event_contract (event_name, event_version, tmf_api, tmf_resource, source_table, event_type, event_key_strategy, payload_basis, consumer_notes) VALUES ('service_resource_design.service_candidate.created', 'v1', 'TMF633', 'serviceCandidate', 'service_resource_design.service_specification', 'created', 'tenant_id + canonical_id + version', 'typed columns + tmf_payload snapshot', 'Register concrete consumers during integration design') ON CONFLICT (event_name, event_version) DO UPDATE SET source_table = EXCLUDED.source_table, payload_basis = EXCLUDED.payload_basis, updated_at = now();
INSERT INTO service_resource_design.event_contract (event_name, event_version, tmf_api, tmf_resource, source_table, event_type, event_key_strategy, payload_basis, consumer_notes) VALUES ('service_resource_design.service_candidate.updated', 'v1', 'TMF633', 'serviceCandidate', 'service_resource_design.service_specification', 'updated', 'tenant_id + canonical_id + version', 'typed columns + tmf_payload snapshot', 'Register concrete consumers during integration design') ON CONFLICT (event_name, event_version) DO UPDATE SET source_table = EXCLUDED.source_table, payload_basis = EXCLUDED.payload_basis, updated_at = now();
INSERT INTO service_resource_design.event_contract (event_name, event_version, tmf_api, tmf_resource, source_table, event_type, event_key_strategy, payload_basis, consumer_notes) VALUES ('service_resource_design.service_candidate.stateChanged', 'v1', 'TMF633', 'serviceCandidate', 'service_resource_design.service_specification', 'stateChanged', 'tenant_id + canonical_id + version', 'typed columns + tmf_payload snapshot', 'Register concrete consumers during integration design') ON CONFLICT (event_name, event_version) DO UPDATE SET source_table = EXCLUDED.source_table, payload_basis = EXCLUDED.payload_basis, updated_at = now();
INSERT INTO service_resource_design.event_contract (event_name, event_version, tmf_api, tmf_resource, source_table, event_type, event_key_strategy, payload_basis, consumer_notes) VALUES ('service_resource_design.service_candidate.deleted', 'v1', 'TMF633', 'serviceCandidate', 'service_resource_design.service_specification', 'deleted', 'tenant_id + canonical_id + version', 'typed columns + tmf_payload snapshot', 'Register concrete consumers during integration design') ON CONFLICT (event_name, event_version) DO UPDATE SET source_table = EXCLUDED.source_table, payload_basis = EXCLUDED.payload_basis, updated_at = now();
INSERT INTO service_resource_design.tmf_api_resource_map (tmf_api, tmf_resource, resource_path, anchor_table, field_strategy, local_spec_path, promoted_fields) VALUES ('TMF633', 'serviceCatalog', '/serviceCatalog', 'service_specification', 'Promote common TMF lifecycle/reference fields; store remaining validated resource fields in tmf_payload and characteristics tables.', 'references/tmforum-open-apis/openapi-specs/TMF633_ServiceCatalog/TMF633_Service_Catalog_Management_API_v4.0.0_swagger.json', '["id", "href", "description", "lastUpdate", "lifecycleStatus", "name", "version", "category", "relatedParty", "validFor", "@baseType", "@schemaLocation", "@type"]'::jsonb) ON CONFLICT (tmf_api, tmf_resource, anchor_table) DO UPDATE SET field_strategy = EXCLUDED.field_strategy, local_spec_path = EXCLUDED.local_spec_path, promoted_fields = EXCLUDED.promoted_fields, updated_at = now();
INSERT INTO service_resource_design.event_contract (event_name, event_version, tmf_api, tmf_resource, source_table, event_type, event_key_strategy, payload_basis, consumer_notes) VALUES ('service_resource_design.service_catalog.created', 'v1', 'TMF633', 'serviceCatalog', 'service_resource_design.service_specification', 'created', 'tenant_id + canonical_id + version', 'typed columns + tmf_payload snapshot', 'Register concrete consumers during integration design') ON CONFLICT (event_name, event_version) DO UPDATE SET source_table = EXCLUDED.source_table, payload_basis = EXCLUDED.payload_basis, updated_at = now();
INSERT INTO service_resource_design.event_contract (event_name, event_version, tmf_api, tmf_resource, source_table, event_type, event_key_strategy, payload_basis, consumer_notes) VALUES ('service_resource_design.service_catalog.updated', 'v1', 'TMF633', 'serviceCatalog', 'service_resource_design.service_specification', 'updated', 'tenant_id + canonical_id + version', 'typed columns + tmf_payload snapshot', 'Register concrete consumers during integration design') ON CONFLICT (event_name, event_version) DO UPDATE SET source_table = EXCLUDED.source_table, payload_basis = EXCLUDED.payload_basis, updated_at = now();
INSERT INTO service_resource_design.event_contract (event_name, event_version, tmf_api, tmf_resource, source_table, event_type, event_key_strategy, payload_basis, consumer_notes) VALUES ('service_resource_design.service_catalog.stateChanged', 'v1', 'TMF633', 'serviceCatalog', 'service_resource_design.service_specification', 'stateChanged', 'tenant_id + canonical_id + version', 'typed columns + tmf_payload snapshot', 'Register concrete consumers during integration design') ON CONFLICT (event_name, event_version) DO UPDATE SET source_table = EXCLUDED.source_table, payload_basis = EXCLUDED.payload_basis, updated_at = now();
INSERT INTO service_resource_design.event_contract (event_name, event_version, tmf_api, tmf_resource, source_table, event_type, event_key_strategy, payload_basis, consumer_notes) VALUES ('service_resource_design.service_catalog.deleted', 'v1', 'TMF633', 'serviceCatalog', 'service_resource_design.service_specification', 'deleted', 'tenant_id + canonical_id + version', 'typed columns + tmf_payload snapshot', 'Register concrete consumers during integration design') ON CONFLICT (event_name, event_version) DO UPDATE SET source_table = EXCLUDED.source_table, payload_basis = EXCLUDED.payload_basis, updated_at = now();
INSERT INTO service_resource_design.tmf_api_resource_map (tmf_api, tmf_resource, resource_path, anchor_table, field_strategy, local_spec_path, promoted_fields) VALUES ('TMF633', 'serviceCategory', '/serviceCategory', 'service_specification', 'Promote common TMF lifecycle/reference fields; store remaining validated resource fields in tmf_payload and characteristics tables.', 'references/tmforum-open-apis/openapi-specs/TMF633_ServiceCatalog/TMF633_Service_Catalog_Management_API_v4.0.0_swagger.json', '["id", "href", "description", "isRoot", "lastUpdate", "lifecycleStatus", "name", "parentId", "version", "category", "serviceCandidate", "validFor", "@baseType", "@schemaLocation", "@type"]'::jsonb) ON CONFLICT (tmf_api, tmf_resource, anchor_table) DO UPDATE SET field_strategy = EXCLUDED.field_strategy, local_spec_path = EXCLUDED.local_spec_path, promoted_fields = EXCLUDED.promoted_fields, updated_at = now();
INSERT INTO service_resource_design.event_contract (event_name, event_version, tmf_api, tmf_resource, source_table, event_type, event_key_strategy, payload_basis, consumer_notes) VALUES ('service_resource_design.service_category.created', 'v1', 'TMF633', 'serviceCategory', 'service_resource_design.service_specification', 'created', 'tenant_id + canonical_id + version', 'typed columns + tmf_payload snapshot', 'Register concrete consumers during integration design') ON CONFLICT (event_name, event_version) DO UPDATE SET source_table = EXCLUDED.source_table, payload_basis = EXCLUDED.payload_basis, updated_at = now();
INSERT INTO service_resource_design.event_contract (event_name, event_version, tmf_api, tmf_resource, source_table, event_type, event_key_strategy, payload_basis, consumer_notes) VALUES ('service_resource_design.service_category.updated', 'v1', 'TMF633', 'serviceCategory', 'service_resource_design.service_specification', 'updated', 'tenant_id + canonical_id + version', 'typed columns + tmf_payload snapshot', 'Register concrete consumers during integration design') ON CONFLICT (event_name, event_version) DO UPDATE SET source_table = EXCLUDED.source_table, payload_basis = EXCLUDED.payload_basis, updated_at = now();
INSERT INTO service_resource_design.event_contract (event_name, event_version, tmf_api, tmf_resource, source_table, event_type, event_key_strategy, payload_basis, consumer_notes) VALUES ('service_resource_design.service_category.stateChanged', 'v1', 'TMF633', 'serviceCategory', 'service_resource_design.service_specification', 'stateChanged', 'tenant_id + canonical_id + version', 'typed columns + tmf_payload snapshot', 'Register concrete consumers during integration design') ON CONFLICT (event_name, event_version) DO UPDATE SET source_table = EXCLUDED.source_table, payload_basis = EXCLUDED.payload_basis, updated_at = now();
INSERT INTO service_resource_design.event_contract (event_name, event_version, tmf_api, tmf_resource, source_table, event_type, event_key_strategy, payload_basis, consumer_notes) VALUES ('service_resource_design.service_category.deleted', 'v1', 'TMF633', 'serviceCategory', 'service_resource_design.service_specification', 'deleted', 'tenant_id + canonical_id + version', 'typed columns + tmf_payload snapshot', 'Register concrete consumers during integration design') ON CONFLICT (event_name, event_version) DO UPDATE SET source_table = EXCLUDED.source_table, payload_basis = EXCLUDED.payload_basis, updated_at = now();
INSERT INTO service_resource_design.tmf_api_resource_map (tmf_api, tmf_resource, resource_path, anchor_table, field_strategy, local_spec_path, promoted_fields) VALUES ('TMF633', 'serviceSpecification', '/serviceSpecification', 'service_specification', 'Promote common TMF lifecycle/reference fields; store remaining validated resource fields in tmf_payload and characteristics tables.', 'references/tmforum-open-apis/openapi-specs/TMF633_ServiceCatalog/TMF633_Service_Catalog_Management_API_v4.0.0_swagger.json', '["id", "href", "description", "isBundle", "lastUpdate", "lifecycleStatus", "name", "version", "attachment", "constraint", "entitySpecRelationship", "featureSpecification", "relatedParty", "resourceSpecification", "serviceLevelSpecification", "serviceSpecRelationship"]'::jsonb) ON CONFLICT (tmf_api, tmf_resource, anchor_table) DO UPDATE SET field_strategy = EXCLUDED.field_strategy, local_spec_path = EXCLUDED.local_spec_path, promoted_fields = EXCLUDED.promoted_fields, updated_at = now();
INSERT INTO service_resource_design.event_contract (event_name, event_version, tmf_api, tmf_resource, source_table, event_type, event_key_strategy, payload_basis, consumer_notes) VALUES ('service_resource_design.service_specification.created', 'v1', 'TMF633', 'serviceSpecification', 'service_resource_design.service_specification', 'created', 'tenant_id + canonical_id + version', 'typed columns + tmf_payload snapshot', 'Register concrete consumers during integration design') ON CONFLICT (event_name, event_version) DO UPDATE SET source_table = EXCLUDED.source_table, payload_basis = EXCLUDED.payload_basis, updated_at = now();
INSERT INTO service_resource_design.event_contract (event_name, event_version, tmf_api, tmf_resource, source_table, event_type, event_key_strategy, payload_basis, consumer_notes) VALUES ('service_resource_design.service_specification.updated', 'v1', 'TMF633', 'serviceSpecification', 'service_resource_design.service_specification', 'updated', 'tenant_id + canonical_id + version', 'typed columns + tmf_payload snapshot', 'Register concrete consumers during integration design') ON CONFLICT (event_name, event_version) DO UPDATE SET source_table = EXCLUDED.source_table, payload_basis = EXCLUDED.payload_basis, updated_at = now();
INSERT INTO service_resource_design.event_contract (event_name, event_version, tmf_api, tmf_resource, source_table, event_type, event_key_strategy, payload_basis, consumer_notes) VALUES ('service_resource_design.service_specification.stateChanged', 'v1', 'TMF633', 'serviceSpecification', 'service_resource_design.service_specification', 'stateChanged', 'tenant_id + canonical_id + version', 'typed columns + tmf_payload snapshot', 'Register concrete consumers during integration design') ON CONFLICT (event_name, event_version) DO UPDATE SET source_table = EXCLUDED.source_table, payload_basis = EXCLUDED.payload_basis, updated_at = now();
INSERT INTO service_resource_design.event_contract (event_name, event_version, tmf_api, tmf_resource, source_table, event_type, event_key_strategy, payload_basis, consumer_notes) VALUES ('service_resource_design.service_specification.deleted', 'v1', 'TMF633', 'serviceSpecification', 'service_resource_design.service_specification', 'deleted', 'tenant_id + canonical_id + version', 'typed columns + tmf_payload snapshot', 'Register concrete consumers during integration design') ON CONFLICT (event_name, event_version) DO UPDATE SET source_table = EXCLUDED.source_table, payload_basis = EXCLUDED.payload_basis, updated_at = now();
INSERT INTO service_resource_design.tmf_api_resource_map (tmf_api, tmf_resource, resource_path, anchor_table, field_strategy, local_spec_path, promoted_fields) VALUES ('TMF620', 'category', '/category', 'service_specification', 'Promote common TMF metadata; store resource-specific fields in tmf_payload until query patterns justify additional typed columns.', 'references/tmforum-open-apis/openapi-specs/TMF620_ProductCatalog/TMF620-Product_Catalog_Management-v5.0.0.oas.yaml', '[]'::jsonb) ON CONFLICT (tmf_api, tmf_resource, anchor_table) DO UPDATE SET field_strategy = EXCLUDED.field_strategy, local_spec_path = EXCLUDED.local_spec_path, promoted_fields = EXCLUDED.promoted_fields, updated_at = now();
INSERT INTO service_resource_design.event_contract (event_name, event_version, tmf_api, tmf_resource, source_table, event_type, event_key_strategy, payload_basis, consumer_notes) VALUES ('service_resource_design.category.created', 'v1', 'TMF620', 'category', 'service_resource_design.service_specification', 'created', 'tenant_id + canonical_id + version', 'typed columns + tmf_payload snapshot', 'Register concrete consumers during integration design') ON CONFLICT (event_name, event_version) DO UPDATE SET source_table = EXCLUDED.source_table, payload_basis = EXCLUDED.payload_basis, updated_at = now();
INSERT INTO service_resource_design.event_contract (event_name, event_version, tmf_api, tmf_resource, source_table, event_type, event_key_strategy, payload_basis, consumer_notes) VALUES ('service_resource_design.category.updated', 'v1', 'TMF620', 'category', 'service_resource_design.service_specification', 'updated', 'tenant_id + canonical_id + version', 'typed columns + tmf_payload snapshot', 'Register concrete consumers during integration design') ON CONFLICT (event_name, event_version) DO UPDATE SET source_table = EXCLUDED.source_table, payload_basis = EXCLUDED.payload_basis, updated_at = now();
INSERT INTO service_resource_design.event_contract (event_name, event_version, tmf_api, tmf_resource, source_table, event_type, event_key_strategy, payload_basis, consumer_notes) VALUES ('service_resource_design.category.stateChanged', 'v1', 'TMF620', 'category', 'service_resource_design.service_specification', 'stateChanged', 'tenant_id + canonical_id + version', 'typed columns + tmf_payload snapshot', 'Register concrete consumers during integration design') ON CONFLICT (event_name, event_version) DO UPDATE SET source_table = EXCLUDED.source_table, payload_basis = EXCLUDED.payload_basis, updated_at = now();
INSERT INTO service_resource_design.event_contract (event_name, event_version, tmf_api, tmf_resource, source_table, event_type, event_key_strategy, payload_basis, consumer_notes) VALUES ('service_resource_design.category.deleted', 'v1', 'TMF620', 'category', 'service_resource_design.service_specification', 'deleted', 'tenant_id + canonical_id + version', 'typed columns + tmf_payload snapshot', 'Register concrete consumers during integration design') ON CONFLICT (event_name, event_version) DO UPDATE SET source_table = EXCLUDED.source_table, payload_basis = EXCLUDED.payload_basis, updated_at = now();
INSERT INTO service_resource_design.tmf_api_resource_map (tmf_api, tmf_resource, resource_path, anchor_table, field_strategy, local_spec_path, promoted_fields) VALUES ('TMF620', 'exportJob', '/exportJob', 'service_specification', 'Promote common TMF metadata; store resource-specific fields in tmf_payload until query patterns justify additional typed columns.', 'references/tmforum-open-apis/openapi-specs/TMF620_ProductCatalog/TMF620-Product_Catalog_Management-v5.0.0.oas.yaml', '[]'::jsonb) ON CONFLICT (tmf_api, tmf_resource, anchor_table) DO UPDATE SET field_strategy = EXCLUDED.field_strategy, local_spec_path = EXCLUDED.local_spec_path, promoted_fields = EXCLUDED.promoted_fields, updated_at = now();
INSERT INTO service_resource_design.event_contract (event_name, event_version, tmf_api, tmf_resource, source_table, event_type, event_key_strategy, payload_basis, consumer_notes) VALUES ('service_resource_design.export_job.created', 'v1', 'TMF620', 'exportJob', 'service_resource_design.service_specification', 'created', 'tenant_id + canonical_id + version', 'typed columns + tmf_payload snapshot', 'Register concrete consumers during integration design') ON CONFLICT (event_name, event_version) DO UPDATE SET source_table = EXCLUDED.source_table, payload_basis = EXCLUDED.payload_basis, updated_at = now();
INSERT INTO service_resource_design.event_contract (event_name, event_version, tmf_api, tmf_resource, source_table, event_type, event_key_strategy, payload_basis, consumer_notes) VALUES ('service_resource_design.export_job.updated', 'v1', 'TMF620', 'exportJob', 'service_resource_design.service_specification', 'updated', 'tenant_id + canonical_id + version', 'typed columns + tmf_payload snapshot', 'Register concrete consumers during integration design') ON CONFLICT (event_name, event_version) DO UPDATE SET source_table = EXCLUDED.source_table, payload_basis = EXCLUDED.payload_basis, updated_at = now();
INSERT INTO service_resource_design.event_contract (event_name, event_version, tmf_api, tmf_resource, source_table, event_type, event_key_strategy, payload_basis, consumer_notes) VALUES ('service_resource_design.export_job.stateChanged', 'v1', 'TMF620', 'exportJob', 'service_resource_design.service_specification', 'stateChanged', 'tenant_id + canonical_id + version', 'typed columns + tmf_payload snapshot', 'Register concrete consumers during integration design') ON CONFLICT (event_name, event_version) DO UPDATE SET source_table = EXCLUDED.source_table, payload_basis = EXCLUDED.payload_basis, updated_at = now();
INSERT INTO service_resource_design.event_contract (event_name, event_version, tmf_api, tmf_resource, source_table, event_type, event_key_strategy, payload_basis, consumer_notes) VALUES ('service_resource_design.export_job.deleted', 'v1', 'TMF620', 'exportJob', 'service_resource_design.service_specification', 'deleted', 'tenant_id + canonical_id + version', 'typed columns + tmf_payload snapshot', 'Register concrete consumers during integration design') ON CONFLICT (event_name, event_version) DO UPDATE SET source_table = EXCLUDED.source_table, payload_basis = EXCLUDED.payload_basis, updated_at = now();
INSERT INTO service_resource_design.tmf_api_resource_map (tmf_api, tmf_resource, resource_path, anchor_table, field_strategy, local_spec_path, promoted_fields) VALUES ('TMF620', 'importJob', '/importJob', 'service_specification', 'Promote common TMF metadata; store resource-specific fields in tmf_payload until query patterns justify additional typed columns.', 'references/tmforum-open-apis/openapi-specs/TMF620_ProductCatalog/TMF620-Product_Catalog_Management-v5.0.0.oas.yaml', '[]'::jsonb) ON CONFLICT (tmf_api, tmf_resource, anchor_table) DO UPDATE SET field_strategy = EXCLUDED.field_strategy, local_spec_path = EXCLUDED.local_spec_path, promoted_fields = EXCLUDED.promoted_fields, updated_at = now();
INSERT INTO service_resource_design.event_contract (event_name, event_version, tmf_api, tmf_resource, source_table, event_type, event_key_strategy, payload_basis, consumer_notes) VALUES ('service_resource_design.import_job.created', 'v1', 'TMF620', 'importJob', 'service_resource_design.service_specification', 'created', 'tenant_id + canonical_id + version', 'typed columns + tmf_payload snapshot', 'Register concrete consumers during integration design') ON CONFLICT (event_name, event_version) DO UPDATE SET source_table = EXCLUDED.source_table, payload_basis = EXCLUDED.payload_basis, updated_at = now();
INSERT INTO service_resource_design.event_contract (event_name, event_version, tmf_api, tmf_resource, source_table, event_type, event_key_strategy, payload_basis, consumer_notes) VALUES ('service_resource_design.import_job.updated', 'v1', 'TMF620', 'importJob', 'service_resource_design.service_specification', 'updated', 'tenant_id + canonical_id + version', 'typed columns + tmf_payload snapshot', 'Register concrete consumers during integration design') ON CONFLICT (event_name, event_version) DO UPDATE SET source_table = EXCLUDED.source_table, payload_basis = EXCLUDED.payload_basis, updated_at = now();
INSERT INTO service_resource_design.event_contract (event_name, event_version, tmf_api, tmf_resource, source_table, event_type, event_key_strategy, payload_basis, consumer_notes) VALUES ('service_resource_design.import_job.stateChanged', 'v1', 'TMF620', 'importJob', 'service_resource_design.service_specification', 'stateChanged', 'tenant_id + canonical_id + version', 'typed columns + tmf_payload snapshot', 'Register concrete consumers during integration design') ON CONFLICT (event_name, event_version) DO UPDATE SET source_table = EXCLUDED.source_table, payload_basis = EXCLUDED.payload_basis, updated_at = now();
INSERT INTO service_resource_design.event_contract (event_name, event_version, tmf_api, tmf_resource, source_table, event_type, event_key_strategy, payload_basis, consumer_notes) VALUES ('service_resource_design.import_job.deleted', 'v1', 'TMF620', 'importJob', 'service_resource_design.service_specification', 'deleted', 'tenant_id + canonical_id + version', 'typed columns + tmf_payload snapshot', 'Register concrete consumers during integration design') ON CONFLICT (event_name, event_version) DO UPDATE SET source_table = EXCLUDED.source_table, payload_basis = EXCLUDED.payload_basis, updated_at = now();
INSERT INTO service_resource_design.tmf_api_resource_map (tmf_api, tmf_resource, resource_path, anchor_table, field_strategy, local_spec_path, promoted_fields) VALUES ('TMF620', 'productCatalog', '/productCatalog', 'service_specification', 'Promote common TMF metadata; store resource-specific fields in tmf_payload until query patterns justify additional typed columns.', 'references/tmforum-open-apis/openapi-specs/TMF620_ProductCatalog/TMF620-Product_Catalog_Management-v5.0.0.oas.yaml', '[]'::jsonb) ON CONFLICT (tmf_api, tmf_resource, anchor_table) DO UPDATE SET field_strategy = EXCLUDED.field_strategy, local_spec_path = EXCLUDED.local_spec_path, promoted_fields = EXCLUDED.promoted_fields, updated_at = now();
INSERT INTO service_resource_design.event_contract (event_name, event_version, tmf_api, tmf_resource, source_table, event_type, event_key_strategy, payload_basis, consumer_notes) VALUES ('service_resource_design.product_catalog.created', 'v1', 'TMF620', 'productCatalog', 'service_resource_design.service_specification', 'created', 'tenant_id + canonical_id + version', 'typed columns + tmf_payload snapshot', 'Register concrete consumers during integration design') ON CONFLICT (event_name, event_version) DO UPDATE SET source_table = EXCLUDED.source_table, payload_basis = EXCLUDED.payload_basis, updated_at = now();
INSERT INTO service_resource_design.event_contract (event_name, event_version, tmf_api, tmf_resource, source_table, event_type, event_key_strategy, payload_basis, consumer_notes) VALUES ('service_resource_design.product_catalog.updated', 'v1', 'TMF620', 'productCatalog', 'service_resource_design.service_specification', 'updated', 'tenant_id + canonical_id + version', 'typed columns + tmf_payload snapshot', 'Register concrete consumers during integration design') ON CONFLICT (event_name, event_version) DO UPDATE SET source_table = EXCLUDED.source_table, payload_basis = EXCLUDED.payload_basis, updated_at = now();
INSERT INTO service_resource_design.event_contract (event_name, event_version, tmf_api, tmf_resource, source_table, event_type, event_key_strategy, payload_basis, consumer_notes) VALUES ('service_resource_design.product_catalog.stateChanged', 'v1', 'TMF620', 'productCatalog', 'service_resource_design.service_specification', 'stateChanged', 'tenant_id + canonical_id + version', 'typed columns + tmf_payload snapshot', 'Register concrete consumers during integration design') ON CONFLICT (event_name, event_version) DO UPDATE SET source_table = EXCLUDED.source_table, payload_basis = EXCLUDED.payload_basis, updated_at = now();
INSERT INTO service_resource_design.event_contract (event_name, event_version, tmf_api, tmf_resource, source_table, event_type, event_key_strategy, payload_basis, consumer_notes) VALUES ('service_resource_design.product_catalog.deleted', 'v1', 'TMF620', 'productCatalog', 'service_resource_design.service_specification', 'deleted', 'tenant_id + canonical_id + version', 'typed columns + tmf_payload snapshot', 'Register concrete consumers during integration design') ON CONFLICT (event_name, event_version) DO UPDATE SET source_table = EXCLUDED.source_table, payload_basis = EXCLUDED.payload_basis, updated_at = now();
INSERT INTO service_resource_design.tmf_api_resource_map (tmf_api, tmf_resource, resource_path, anchor_table, field_strategy, local_spec_path, promoted_fields) VALUES ('TMF620', 'productOffering', '/productOffering', 'service_specification', 'Promote common TMF metadata; store resource-specific fields in tmf_payload until query patterns justify additional typed columns.', 'references/tmforum-open-apis/openapi-specs/TMF620_ProductCatalog/TMF620-Product_Catalog_Management-v5.0.0.oas.yaml', '[]'::jsonb) ON CONFLICT (tmf_api, tmf_resource, anchor_table) DO UPDATE SET field_strategy = EXCLUDED.field_strategy, local_spec_path = EXCLUDED.local_spec_path, promoted_fields = EXCLUDED.promoted_fields, updated_at = now();
INSERT INTO service_resource_design.event_contract (event_name, event_version, tmf_api, tmf_resource, source_table, event_type, event_key_strategy, payload_basis, consumer_notes) VALUES ('service_resource_design.product_offering.created', 'v1', 'TMF620', 'productOffering', 'service_resource_design.service_specification', 'created', 'tenant_id + canonical_id + version', 'typed columns + tmf_payload snapshot', 'Register concrete consumers during integration design') ON CONFLICT (event_name, event_version) DO UPDATE SET source_table = EXCLUDED.source_table, payload_basis = EXCLUDED.payload_basis, updated_at = now();
INSERT INTO service_resource_design.event_contract (event_name, event_version, tmf_api, tmf_resource, source_table, event_type, event_key_strategy, payload_basis, consumer_notes) VALUES ('service_resource_design.product_offering.updated', 'v1', 'TMF620', 'productOffering', 'service_resource_design.service_specification', 'updated', 'tenant_id + canonical_id + version', 'typed columns + tmf_payload snapshot', 'Register concrete consumers during integration design') ON CONFLICT (event_name, event_version) DO UPDATE SET source_table = EXCLUDED.source_table, payload_basis = EXCLUDED.payload_basis, updated_at = now();
INSERT INTO service_resource_design.event_contract (event_name, event_version, tmf_api, tmf_resource, source_table, event_type, event_key_strategy, payload_basis, consumer_notes) VALUES ('service_resource_design.product_offering.stateChanged', 'v1', 'TMF620', 'productOffering', 'service_resource_design.service_specification', 'stateChanged', 'tenant_id + canonical_id + version', 'typed columns + tmf_payload snapshot', 'Register concrete consumers during integration design') ON CONFLICT (event_name, event_version) DO UPDATE SET source_table = EXCLUDED.source_table, payload_basis = EXCLUDED.payload_basis, updated_at = now();
INSERT INTO service_resource_design.event_contract (event_name, event_version, tmf_api, tmf_resource, source_table, event_type, event_key_strategy, payload_basis, consumer_notes) VALUES ('service_resource_design.product_offering.deleted', 'v1', 'TMF620', 'productOffering', 'service_resource_design.service_specification', 'deleted', 'tenant_id + canonical_id + version', 'typed columns + tmf_payload snapshot', 'Register concrete consumers during integration design') ON CONFLICT (event_name, event_version) DO UPDATE SET source_table = EXCLUDED.source_table, payload_basis = EXCLUDED.payload_basis, updated_at = now();
INSERT INTO service_resource_design.tmf_api_resource_map (tmf_api, tmf_resource, resource_path, anchor_table, field_strategy, local_spec_path, promoted_fields) VALUES ('TMF620', 'productOfferingPrice', '/productOfferingPrice', 'service_specification', 'Promote common TMF metadata; store resource-specific fields in tmf_payload until query patterns justify additional typed columns.', 'references/tmforum-open-apis/openapi-specs/TMF620_ProductCatalog/TMF620-Product_Catalog_Management-v5.0.0.oas.yaml', '[]'::jsonb) ON CONFLICT (tmf_api, tmf_resource, anchor_table) DO UPDATE SET field_strategy = EXCLUDED.field_strategy, local_spec_path = EXCLUDED.local_spec_path, promoted_fields = EXCLUDED.promoted_fields, updated_at = now();
INSERT INTO service_resource_design.event_contract (event_name, event_version, tmf_api, tmf_resource, source_table, event_type, event_key_strategy, payload_basis, consumer_notes) VALUES ('service_resource_design.product_offering_price.created', 'v1', 'TMF620', 'productOfferingPrice', 'service_resource_design.service_specification', 'created', 'tenant_id + canonical_id + version', 'typed columns + tmf_payload snapshot', 'Register concrete consumers during integration design') ON CONFLICT (event_name, event_version) DO UPDATE SET source_table = EXCLUDED.source_table, payload_basis = EXCLUDED.payload_basis, updated_at = now();
INSERT INTO service_resource_design.event_contract (event_name, event_version, tmf_api, tmf_resource, source_table, event_type, event_key_strategy, payload_basis, consumer_notes) VALUES ('service_resource_design.product_offering_price.updated', 'v1', 'TMF620', 'productOfferingPrice', 'service_resource_design.service_specification', 'updated', 'tenant_id + canonical_id + version', 'typed columns + tmf_payload snapshot', 'Register concrete consumers during integration design') ON CONFLICT (event_name, event_version) DO UPDATE SET source_table = EXCLUDED.source_table, payload_basis = EXCLUDED.payload_basis, updated_at = now();
INSERT INTO service_resource_design.event_contract (event_name, event_version, tmf_api, tmf_resource, source_table, event_type, event_key_strategy, payload_basis, consumer_notes) VALUES ('service_resource_design.product_offering_price.stateChanged', 'v1', 'TMF620', 'productOfferingPrice', 'service_resource_design.service_specification', 'stateChanged', 'tenant_id + canonical_id + version', 'typed columns + tmf_payload snapshot', 'Register concrete consumers during integration design') ON CONFLICT (event_name, event_version) DO UPDATE SET source_table = EXCLUDED.source_table, payload_basis = EXCLUDED.payload_basis, updated_at = now();
INSERT INTO service_resource_design.event_contract (event_name, event_version, tmf_api, tmf_resource, source_table, event_type, event_key_strategy, payload_basis, consumer_notes) VALUES ('service_resource_design.product_offering_price.deleted', 'v1', 'TMF620', 'productOfferingPrice', 'service_resource_design.service_specification', 'deleted', 'tenant_id + canonical_id + version', 'typed columns + tmf_payload snapshot', 'Register concrete consumers during integration design') ON CONFLICT (event_name, event_version) DO UPDATE SET source_table = EXCLUDED.source_table, payload_basis = EXCLUDED.payload_basis, updated_at = now();
INSERT INTO service_resource_design.tmf_api_resource_map (tmf_api, tmf_resource, resource_path, anchor_table, field_strategy, local_spec_path, promoted_fields) VALUES ('TMF620', 'productSpecification', '/productSpecification', 'service_specification', 'Promote common TMF metadata; store resource-specific fields in tmf_payload until query patterns justify additional typed columns.', 'references/tmforum-open-apis/openapi-specs/TMF620_ProductCatalog/TMF620-Product_Catalog_Management-v5.0.0.oas.yaml', '[]'::jsonb) ON CONFLICT (tmf_api, tmf_resource, anchor_table) DO UPDATE SET field_strategy = EXCLUDED.field_strategy, local_spec_path = EXCLUDED.local_spec_path, promoted_fields = EXCLUDED.promoted_fields, updated_at = now();
INSERT INTO service_resource_design.event_contract (event_name, event_version, tmf_api, tmf_resource, source_table, event_type, event_key_strategy, payload_basis, consumer_notes) VALUES ('service_resource_design.product_specification.created', 'v1', 'TMF620', 'productSpecification', 'service_resource_design.service_specification', 'created', 'tenant_id + canonical_id + version', 'typed columns + tmf_payload snapshot', 'Register concrete consumers during integration design') ON CONFLICT (event_name, event_version) DO UPDATE SET source_table = EXCLUDED.source_table, payload_basis = EXCLUDED.payload_basis, updated_at = now();
INSERT INTO service_resource_design.event_contract (event_name, event_version, tmf_api, tmf_resource, source_table, event_type, event_key_strategy, payload_basis, consumer_notes) VALUES ('service_resource_design.product_specification.updated', 'v1', 'TMF620', 'productSpecification', 'service_resource_design.service_specification', 'updated', 'tenant_id + canonical_id + version', 'typed columns + tmf_payload snapshot', 'Register concrete consumers during integration design') ON CONFLICT (event_name, event_version) DO UPDATE SET source_table = EXCLUDED.source_table, payload_basis = EXCLUDED.payload_basis, updated_at = now();
INSERT INTO service_resource_design.event_contract (event_name, event_version, tmf_api, tmf_resource, source_table, event_type, event_key_strategy, payload_basis, consumer_notes) VALUES ('service_resource_design.product_specification.stateChanged', 'v1', 'TMF620', 'productSpecification', 'service_resource_design.service_specification', 'stateChanged', 'tenant_id + canonical_id + version', 'typed columns + tmf_payload snapshot', 'Register concrete consumers during integration design') ON CONFLICT (event_name, event_version) DO UPDATE SET source_table = EXCLUDED.source_table, payload_basis = EXCLUDED.payload_basis, updated_at = now();
INSERT INTO service_resource_design.event_contract (event_name, event_version, tmf_api, tmf_resource, source_table, event_type, event_key_strategy, payload_basis, consumer_notes) VALUES ('service_resource_design.product_specification.deleted', 'v1', 'TMF620', 'productSpecification', 'service_resource_design.service_specification', 'deleted', 'tenant_id + canonical_id + version', 'typed columns + tmf_payload snapshot', 'Register concrete consumers during integration design') ON CONFLICT (event_name, event_version) DO UPDATE SET source_table = EXCLUDED.source_table, payload_basis = EXCLUDED.payload_basis, updated_at = now();
INSERT INTO service_resource_design.tmf_api_resource_map (tmf_api, tmf_resource, resource_path, anchor_table, field_strategy, local_spec_path, promoted_fields) VALUES ('TMF634', 'exportJob', '/exportJob', 'resource_specification', 'Promote common TMF metadata; store resource-specific fields in tmf_payload until query patterns justify additional typed columns.', 'references/tmforum-open-apis/openapi-specs/TMF634_ResourceCatalog/TMF634-Resource_Catalog_Management-v5.0.0.oas.yaml', '[]'::jsonb) ON CONFLICT (tmf_api, tmf_resource, anchor_table) DO UPDATE SET field_strategy = EXCLUDED.field_strategy, local_spec_path = EXCLUDED.local_spec_path, promoted_fields = EXCLUDED.promoted_fields, updated_at = now();
INSERT INTO service_resource_design.event_contract (event_name, event_version, tmf_api, tmf_resource, source_table, event_type, event_key_strategy, payload_basis, consumer_notes) VALUES ('service_resource_design.export_job.created', 'v1', 'TMF634', 'exportJob', 'service_resource_design.resource_specification', 'created', 'tenant_id + canonical_id + version', 'typed columns + tmf_payload snapshot', 'Register concrete consumers during integration design') ON CONFLICT (event_name, event_version) DO UPDATE SET source_table = EXCLUDED.source_table, payload_basis = EXCLUDED.payload_basis, updated_at = now();
INSERT INTO service_resource_design.event_contract (event_name, event_version, tmf_api, tmf_resource, source_table, event_type, event_key_strategy, payload_basis, consumer_notes) VALUES ('service_resource_design.export_job.updated', 'v1', 'TMF634', 'exportJob', 'service_resource_design.resource_specification', 'updated', 'tenant_id + canonical_id + version', 'typed columns + tmf_payload snapshot', 'Register concrete consumers during integration design') ON CONFLICT (event_name, event_version) DO UPDATE SET source_table = EXCLUDED.source_table, payload_basis = EXCLUDED.payload_basis, updated_at = now();
INSERT INTO service_resource_design.event_contract (event_name, event_version, tmf_api, tmf_resource, source_table, event_type, event_key_strategy, payload_basis, consumer_notes) VALUES ('service_resource_design.export_job.stateChanged', 'v1', 'TMF634', 'exportJob', 'service_resource_design.resource_specification', 'stateChanged', 'tenant_id + canonical_id + version', 'typed columns + tmf_payload snapshot', 'Register concrete consumers during integration design') ON CONFLICT (event_name, event_version) DO UPDATE SET source_table = EXCLUDED.source_table, payload_basis = EXCLUDED.payload_basis, updated_at = now();
INSERT INTO service_resource_design.event_contract (event_name, event_version, tmf_api, tmf_resource, source_table, event_type, event_key_strategy, payload_basis, consumer_notes) VALUES ('service_resource_design.export_job.deleted', 'v1', 'TMF634', 'exportJob', 'service_resource_design.resource_specification', 'deleted', 'tenant_id + canonical_id + version', 'typed columns + tmf_payload snapshot', 'Register concrete consumers during integration design') ON CONFLICT (event_name, event_version) DO UPDATE SET source_table = EXCLUDED.source_table, payload_basis = EXCLUDED.payload_basis, updated_at = now();
INSERT INTO service_resource_design.tmf_api_resource_map (tmf_api, tmf_resource, resource_path, anchor_table, field_strategy, local_spec_path, promoted_fields) VALUES ('TMF634', 'importJob', '/importJob', 'resource_specification', 'Promote common TMF metadata; store resource-specific fields in tmf_payload until query patterns justify additional typed columns.', 'references/tmforum-open-apis/openapi-specs/TMF634_ResourceCatalog/TMF634-Resource_Catalog_Management-v5.0.0.oas.yaml', '[]'::jsonb) ON CONFLICT (tmf_api, tmf_resource, anchor_table) DO UPDATE SET field_strategy = EXCLUDED.field_strategy, local_spec_path = EXCLUDED.local_spec_path, promoted_fields = EXCLUDED.promoted_fields, updated_at = now();
INSERT INTO service_resource_design.event_contract (event_name, event_version, tmf_api, tmf_resource, source_table, event_type, event_key_strategy, payload_basis, consumer_notes) VALUES ('service_resource_design.import_job.created', 'v1', 'TMF634', 'importJob', 'service_resource_design.resource_specification', 'created', 'tenant_id + canonical_id + version', 'typed columns + tmf_payload snapshot', 'Register concrete consumers during integration design') ON CONFLICT (event_name, event_version) DO UPDATE SET source_table = EXCLUDED.source_table, payload_basis = EXCLUDED.payload_basis, updated_at = now();
INSERT INTO service_resource_design.event_contract (event_name, event_version, tmf_api, tmf_resource, source_table, event_type, event_key_strategy, payload_basis, consumer_notes) VALUES ('service_resource_design.import_job.updated', 'v1', 'TMF634', 'importJob', 'service_resource_design.resource_specification', 'updated', 'tenant_id + canonical_id + version', 'typed columns + tmf_payload snapshot', 'Register concrete consumers during integration design') ON CONFLICT (event_name, event_version) DO UPDATE SET source_table = EXCLUDED.source_table, payload_basis = EXCLUDED.payload_basis, updated_at = now();
INSERT INTO service_resource_design.event_contract (event_name, event_version, tmf_api, tmf_resource, source_table, event_type, event_key_strategy, payload_basis, consumer_notes) VALUES ('service_resource_design.import_job.stateChanged', 'v1', 'TMF634', 'importJob', 'service_resource_design.resource_specification', 'stateChanged', 'tenant_id + canonical_id + version', 'typed columns + tmf_payload snapshot', 'Register concrete consumers during integration design') ON CONFLICT (event_name, event_version) DO UPDATE SET source_table = EXCLUDED.source_table, payload_basis = EXCLUDED.payload_basis, updated_at = now();
INSERT INTO service_resource_design.event_contract (event_name, event_version, tmf_api, tmf_resource, source_table, event_type, event_key_strategy, payload_basis, consumer_notes) VALUES ('service_resource_design.import_job.deleted', 'v1', 'TMF634', 'importJob', 'service_resource_design.resource_specification', 'deleted', 'tenant_id + canonical_id + version', 'typed columns + tmf_payload snapshot', 'Register concrete consumers during integration design') ON CONFLICT (event_name, event_version) DO UPDATE SET source_table = EXCLUDED.source_table, payload_basis = EXCLUDED.payload_basis, updated_at = now();
INSERT INTO service_resource_design.tmf_api_resource_map (tmf_api, tmf_resource, resource_path, anchor_table, field_strategy, local_spec_path, promoted_fields) VALUES ('TMF634', 'resourceCandidate', '/resourceCandidate', 'resource_specification', 'Promote common TMF metadata; store resource-specific fields in tmf_payload until query patterns justify additional typed columns.', 'references/tmforum-open-apis/openapi-specs/TMF634_ResourceCatalog/TMF634-Resource_Catalog_Management-v5.0.0.oas.yaml', '[]'::jsonb) ON CONFLICT (tmf_api, tmf_resource, anchor_table) DO UPDATE SET field_strategy = EXCLUDED.field_strategy, local_spec_path = EXCLUDED.local_spec_path, promoted_fields = EXCLUDED.promoted_fields, updated_at = now();
INSERT INTO service_resource_design.event_contract (event_name, event_version, tmf_api, tmf_resource, source_table, event_type, event_key_strategy, payload_basis, consumer_notes) VALUES ('service_resource_design.resource_candidate.created', 'v1', 'TMF634', 'resourceCandidate', 'service_resource_design.resource_specification', 'created', 'tenant_id + canonical_id + version', 'typed columns + tmf_payload snapshot', 'Register concrete consumers during integration design') ON CONFLICT (event_name, event_version) DO UPDATE SET source_table = EXCLUDED.source_table, payload_basis = EXCLUDED.payload_basis, updated_at = now();
INSERT INTO service_resource_design.event_contract (event_name, event_version, tmf_api, tmf_resource, source_table, event_type, event_key_strategy, payload_basis, consumer_notes) VALUES ('service_resource_design.resource_candidate.updated', 'v1', 'TMF634', 'resourceCandidate', 'service_resource_design.resource_specification', 'updated', 'tenant_id + canonical_id + version', 'typed columns + tmf_payload snapshot', 'Register concrete consumers during integration design') ON CONFLICT (event_name, event_version) DO UPDATE SET source_table = EXCLUDED.source_table, payload_basis = EXCLUDED.payload_basis, updated_at = now();
INSERT INTO service_resource_design.event_contract (event_name, event_version, tmf_api, tmf_resource, source_table, event_type, event_key_strategy, payload_basis, consumer_notes) VALUES ('service_resource_design.resource_candidate.stateChanged', 'v1', 'TMF634', 'resourceCandidate', 'service_resource_design.resource_specification', 'stateChanged', 'tenant_id + canonical_id + version', 'typed columns + tmf_payload snapshot', 'Register concrete consumers during integration design') ON CONFLICT (event_name, event_version) DO UPDATE SET source_table = EXCLUDED.source_table, payload_basis = EXCLUDED.payload_basis, updated_at = now();
INSERT INTO service_resource_design.event_contract (event_name, event_version, tmf_api, tmf_resource, source_table, event_type, event_key_strategy, payload_basis, consumer_notes) VALUES ('service_resource_design.resource_candidate.deleted', 'v1', 'TMF634', 'resourceCandidate', 'service_resource_design.resource_specification', 'deleted', 'tenant_id + canonical_id + version', 'typed columns + tmf_payload snapshot', 'Register concrete consumers during integration design') ON CONFLICT (event_name, event_version) DO UPDATE SET source_table = EXCLUDED.source_table, payload_basis = EXCLUDED.payload_basis, updated_at = now();
INSERT INTO service_resource_design.tmf_api_resource_map (tmf_api, tmf_resource, resource_path, anchor_table, field_strategy, local_spec_path, promoted_fields) VALUES ('TMF634', 'resourceCatalog', '/resourceCatalog', 'resource_specification', 'Promote common TMF metadata; store resource-specific fields in tmf_payload until query patterns justify additional typed columns.', 'references/tmforum-open-apis/openapi-specs/TMF634_ResourceCatalog/TMF634-Resource_Catalog_Management-v5.0.0.oas.yaml', '[]'::jsonb) ON CONFLICT (tmf_api, tmf_resource, anchor_table) DO UPDATE SET field_strategy = EXCLUDED.field_strategy, local_spec_path = EXCLUDED.local_spec_path, promoted_fields = EXCLUDED.promoted_fields, updated_at = now();
INSERT INTO service_resource_design.event_contract (event_name, event_version, tmf_api, tmf_resource, source_table, event_type, event_key_strategy, payload_basis, consumer_notes) VALUES ('service_resource_design.resource_catalog.created', 'v1', 'TMF634', 'resourceCatalog', 'service_resource_design.resource_specification', 'created', 'tenant_id + canonical_id + version', 'typed columns + tmf_payload snapshot', 'Register concrete consumers during integration design') ON CONFLICT (event_name, event_version) DO UPDATE SET source_table = EXCLUDED.source_table, payload_basis = EXCLUDED.payload_basis, updated_at = now();
INSERT INTO service_resource_design.event_contract (event_name, event_version, tmf_api, tmf_resource, source_table, event_type, event_key_strategy, payload_basis, consumer_notes) VALUES ('service_resource_design.resource_catalog.updated', 'v1', 'TMF634', 'resourceCatalog', 'service_resource_design.resource_specification', 'updated', 'tenant_id + canonical_id + version', 'typed columns + tmf_payload snapshot', 'Register concrete consumers during integration design') ON CONFLICT (event_name, event_version) DO UPDATE SET source_table = EXCLUDED.source_table, payload_basis = EXCLUDED.payload_basis, updated_at = now();
INSERT INTO service_resource_design.event_contract (event_name, event_version, tmf_api, tmf_resource, source_table, event_type, event_key_strategy, payload_basis, consumer_notes) VALUES ('service_resource_design.resource_catalog.stateChanged', 'v1', 'TMF634', 'resourceCatalog', 'service_resource_design.resource_specification', 'stateChanged', 'tenant_id + canonical_id + version', 'typed columns + tmf_payload snapshot', 'Register concrete consumers during integration design') ON CONFLICT (event_name, event_version) DO UPDATE SET source_table = EXCLUDED.source_table, payload_basis = EXCLUDED.payload_basis, updated_at = now();
INSERT INTO service_resource_design.event_contract (event_name, event_version, tmf_api, tmf_resource, source_table, event_type, event_key_strategy, payload_basis, consumer_notes) VALUES ('service_resource_design.resource_catalog.deleted', 'v1', 'TMF634', 'resourceCatalog', 'service_resource_design.resource_specification', 'deleted', 'tenant_id + canonical_id + version', 'typed columns + tmf_payload snapshot', 'Register concrete consumers during integration design') ON CONFLICT (event_name, event_version) DO UPDATE SET source_table = EXCLUDED.source_table, payload_basis = EXCLUDED.payload_basis, updated_at = now();
INSERT INTO service_resource_design.tmf_api_resource_map (tmf_api, tmf_resource, resource_path, anchor_table, field_strategy, local_spec_path, promoted_fields) VALUES ('TMF634', 'resourceCategory', '/resourceCategory', 'resource_specification', 'Promote common TMF metadata; store resource-specific fields in tmf_payload until query patterns justify additional typed columns.', 'references/tmforum-open-apis/openapi-specs/TMF634_ResourceCatalog/TMF634-Resource_Catalog_Management-v5.0.0.oas.yaml', '[]'::jsonb) ON CONFLICT (tmf_api, tmf_resource, anchor_table) DO UPDATE SET field_strategy = EXCLUDED.field_strategy, local_spec_path = EXCLUDED.local_spec_path, promoted_fields = EXCLUDED.promoted_fields, updated_at = now();
INSERT INTO service_resource_design.event_contract (event_name, event_version, tmf_api, tmf_resource, source_table, event_type, event_key_strategy, payload_basis, consumer_notes) VALUES ('service_resource_design.resource_category.created', 'v1', 'TMF634', 'resourceCategory', 'service_resource_design.resource_specification', 'created', 'tenant_id + canonical_id + version', 'typed columns + tmf_payload snapshot', 'Register concrete consumers during integration design') ON CONFLICT (event_name, event_version) DO UPDATE SET source_table = EXCLUDED.source_table, payload_basis = EXCLUDED.payload_basis, updated_at = now();
INSERT INTO service_resource_design.event_contract (event_name, event_version, tmf_api, tmf_resource, source_table, event_type, event_key_strategy, payload_basis, consumer_notes) VALUES ('service_resource_design.resource_category.updated', 'v1', 'TMF634', 'resourceCategory', 'service_resource_design.resource_specification', 'updated', 'tenant_id + canonical_id + version', 'typed columns + tmf_payload snapshot', 'Register concrete consumers during integration design') ON CONFLICT (event_name, event_version) DO UPDATE SET source_table = EXCLUDED.source_table, payload_basis = EXCLUDED.payload_basis, updated_at = now();
INSERT INTO service_resource_design.event_contract (event_name, event_version, tmf_api, tmf_resource, source_table, event_type, event_key_strategy, payload_basis, consumer_notes) VALUES ('service_resource_design.resource_category.stateChanged', 'v1', 'TMF634', 'resourceCategory', 'service_resource_design.resource_specification', 'stateChanged', 'tenant_id + canonical_id + version', 'typed columns + tmf_payload snapshot', 'Register concrete consumers during integration design') ON CONFLICT (event_name, event_version) DO UPDATE SET source_table = EXCLUDED.source_table, payload_basis = EXCLUDED.payload_basis, updated_at = now();
INSERT INTO service_resource_design.event_contract (event_name, event_version, tmf_api, tmf_resource, source_table, event_type, event_key_strategy, payload_basis, consumer_notes) VALUES ('service_resource_design.resource_category.deleted', 'v1', 'TMF634', 'resourceCategory', 'service_resource_design.resource_specification', 'deleted', 'tenant_id + canonical_id + version', 'typed columns + tmf_payload snapshot', 'Register concrete consumers during integration design') ON CONFLICT (event_name, event_version) DO UPDATE SET source_table = EXCLUDED.source_table, payload_basis = EXCLUDED.payload_basis, updated_at = now();
INSERT INTO service_resource_design.tmf_api_resource_map (tmf_api, tmf_resource, resource_path, anchor_table, field_strategy, local_spec_path, promoted_fields) VALUES ('TMF634', 'resourceSpecification', '/resourceSpecification', 'resource_specification', 'Promote common TMF metadata; store resource-specific fields in tmf_payload until query patterns justify additional typed columns.', 'references/tmforum-open-apis/openapi-specs/TMF634_ResourceCatalog/TMF634-Resource_Catalog_Management-v5.0.0.oas.yaml', '[]'::jsonb) ON CONFLICT (tmf_api, tmf_resource, anchor_table) DO UPDATE SET field_strategy = EXCLUDED.field_strategy, local_spec_path = EXCLUDED.local_spec_path, promoted_fields = EXCLUDED.promoted_fields, updated_at = now();
INSERT INTO service_resource_design.event_contract (event_name, event_version, tmf_api, tmf_resource, source_table, event_type, event_key_strategy, payload_basis, consumer_notes) VALUES ('service_resource_design.resource_specification.created', 'v1', 'TMF634', 'resourceSpecification', 'service_resource_design.resource_specification', 'created', 'tenant_id + canonical_id + version', 'typed columns + tmf_payload snapshot', 'Register concrete consumers during integration design') ON CONFLICT (event_name, event_version) DO UPDATE SET source_table = EXCLUDED.source_table, payload_basis = EXCLUDED.payload_basis, updated_at = now();
INSERT INTO service_resource_design.event_contract (event_name, event_version, tmf_api, tmf_resource, source_table, event_type, event_key_strategy, payload_basis, consumer_notes) VALUES ('service_resource_design.resource_specification.updated', 'v1', 'TMF634', 'resourceSpecification', 'service_resource_design.resource_specification', 'updated', 'tenant_id + canonical_id + version', 'typed columns + tmf_payload snapshot', 'Register concrete consumers during integration design') ON CONFLICT (event_name, event_version) DO UPDATE SET source_table = EXCLUDED.source_table, payload_basis = EXCLUDED.payload_basis, updated_at = now();
INSERT INTO service_resource_design.event_contract (event_name, event_version, tmf_api, tmf_resource, source_table, event_type, event_key_strategy, payload_basis, consumer_notes) VALUES ('service_resource_design.resource_specification.stateChanged', 'v1', 'TMF634', 'resourceSpecification', 'service_resource_design.resource_specification', 'stateChanged', 'tenant_id + canonical_id + version', 'typed columns + tmf_payload snapshot', 'Register concrete consumers during integration design') ON CONFLICT (event_name, event_version) DO UPDATE SET source_table = EXCLUDED.source_table, payload_basis = EXCLUDED.payload_basis, updated_at = now();
INSERT INTO service_resource_design.event_contract (event_name, event_version, tmf_api, tmf_resource, source_table, event_type, event_key_strategy, payload_basis, consumer_notes) VALUES ('service_resource_design.resource_specification.deleted', 'v1', 'TMF634', 'resourceSpecification', 'service_resource_design.resource_specification', 'deleted', 'tenant_id + canonical_id + version', 'typed columns + tmf_payload snapshot', 'Register concrete consumers during integration design') ON CONFLICT (event_name, event_version) DO UPDATE SET source_table = EXCLUDED.source_table, payload_basis = EXCLUDED.payload_basis, updated_at = now();
INSERT INTO service_resource_design.tmf_api_resource_map (tmf_api, tmf_resource, resource_path, anchor_table, field_strategy, local_spec_path, promoted_fields) VALUES ('TMF730', 'resource', '/resource', 'resource_specification', 'Promote common TMF lifecycle/reference fields; store remaining validated resource fields in tmf_payload and characteristics tables.', 'references/tmforum-open-apis/openapi-specs/TMF730_SoftwareAndComputeManagement/TMF730_Software_And_Compute_Management_API_v4.0.0_swagger.json', '["id", "href", "category", "description", "endOperatingDate", "isDistributedCurrent", "lastUpdate", "name", "resourceVersion", "startOperatingDate", "targetPlatform", "value", "activationFeature", "administrativeState", "attachment", "note"]'::jsonb) ON CONFLICT (tmf_api, tmf_resource, anchor_table) DO UPDATE SET field_strategy = EXCLUDED.field_strategy, local_spec_path = EXCLUDED.local_spec_path, promoted_fields = EXCLUDED.promoted_fields, updated_at = now();
INSERT INTO service_resource_design.event_contract (event_name, event_version, tmf_api, tmf_resource, source_table, event_type, event_key_strategy, payload_basis, consumer_notes) VALUES ('service_resource_design.resource.created', 'v1', 'TMF730', 'resource', 'service_resource_design.resource_specification', 'created', 'tenant_id + canonical_id + version', 'typed columns + tmf_payload snapshot', 'Register concrete consumers during integration design') ON CONFLICT (event_name, event_version) DO UPDATE SET source_table = EXCLUDED.source_table, payload_basis = EXCLUDED.payload_basis, updated_at = now();
INSERT INTO service_resource_design.event_contract (event_name, event_version, tmf_api, tmf_resource, source_table, event_type, event_key_strategy, payload_basis, consumer_notes) VALUES ('service_resource_design.resource.updated', 'v1', 'TMF730', 'resource', 'service_resource_design.resource_specification', 'updated', 'tenant_id + canonical_id + version', 'typed columns + tmf_payload snapshot', 'Register concrete consumers during integration design') ON CONFLICT (event_name, event_version) DO UPDATE SET source_table = EXCLUDED.source_table, payload_basis = EXCLUDED.payload_basis, updated_at = now();
INSERT INTO service_resource_design.event_contract (event_name, event_version, tmf_api, tmf_resource, source_table, event_type, event_key_strategy, payload_basis, consumer_notes) VALUES ('service_resource_design.resource.stateChanged', 'v1', 'TMF730', 'resource', 'service_resource_design.resource_specification', 'stateChanged', 'tenant_id + canonical_id + version', 'typed columns + tmf_payload snapshot', 'Register concrete consumers during integration design') ON CONFLICT (event_name, event_version) DO UPDATE SET source_table = EXCLUDED.source_table, payload_basis = EXCLUDED.payload_basis, updated_at = now();
INSERT INTO service_resource_design.event_contract (event_name, event_version, tmf_api, tmf_resource, source_table, event_type, event_key_strategy, payload_basis, consumer_notes) VALUES ('service_resource_design.resource.deleted', 'v1', 'TMF730', 'resource', 'service_resource_design.resource_specification', 'deleted', 'tenant_id + canonical_id + version', 'typed columns + tmf_payload snapshot', 'Register concrete consumers during integration design') ON CONFLICT (event_name, event_version) DO UPDATE SET source_table = EXCLUDED.source_table, payload_basis = EXCLUDED.payload_basis, updated_at = now();
INSERT INTO service_resource_design.tmf_api_resource_map (tmf_api, tmf_resource, resource_path, anchor_table, field_strategy, local_spec_path, promoted_fields) VALUES ('TMF730', 'resourceSpecification', '/resourceSpecification', 'resource_specification', 'Promote common TMF lifecycle/reference fields; store remaining validated resource fields in tmf_payload and characteristics tables.', 'references/tmforum-open-apis/openapi-specs/TMF730_SoftwareAndComputeManagement/TMF730_Software_And_Compute_Management_API_v4.0.0_swagger.json', '["id", "href", "buildNumber", "category", "description", "isBundle", "isDistributable", "isExperimental", "lastUpdate", "lifecycleStatus", "maintenanceVersion", "majorVersion", "minorVersion", "name", "otherDesignator", "releaseStatus"]'::jsonb) ON CONFLICT (tmf_api, tmf_resource, anchor_table) DO UPDATE SET field_strategy = EXCLUDED.field_strategy, local_spec_path = EXCLUDED.local_spec_path, promoted_fields = EXCLUDED.promoted_fields, updated_at = now();
INSERT INTO service_resource_design.event_contract (event_name, event_version, tmf_api, tmf_resource, source_table, event_type, event_key_strategy, payload_basis, consumer_notes) VALUES ('service_resource_design.resource_specification.created', 'v1', 'TMF730', 'resourceSpecification', 'service_resource_design.resource_specification', 'created', 'tenant_id + canonical_id + version', 'typed columns + tmf_payload snapshot', 'Register concrete consumers during integration design') ON CONFLICT (event_name, event_version) DO UPDATE SET source_table = EXCLUDED.source_table, payload_basis = EXCLUDED.payload_basis, updated_at = now();
INSERT INTO service_resource_design.event_contract (event_name, event_version, tmf_api, tmf_resource, source_table, event_type, event_key_strategy, payload_basis, consumer_notes) VALUES ('service_resource_design.resource_specification.updated', 'v1', 'TMF730', 'resourceSpecification', 'service_resource_design.resource_specification', 'updated', 'tenant_id + canonical_id + version', 'typed columns + tmf_payload snapshot', 'Register concrete consumers during integration design') ON CONFLICT (event_name, event_version) DO UPDATE SET source_table = EXCLUDED.source_table, payload_basis = EXCLUDED.payload_basis, updated_at = now();
INSERT INTO service_resource_design.event_contract (event_name, event_version, tmf_api, tmf_resource, source_table, event_type, event_key_strategy, payload_basis, consumer_notes) VALUES ('service_resource_design.resource_specification.stateChanged', 'v1', 'TMF730', 'resourceSpecification', 'service_resource_design.resource_specification', 'stateChanged', 'tenant_id + canonical_id + version', 'typed columns + tmf_payload snapshot', 'Register concrete consumers during integration design') ON CONFLICT (event_name, event_version) DO UPDATE SET source_table = EXCLUDED.source_table, payload_basis = EXCLUDED.payload_basis, updated_at = now();
INSERT INTO service_resource_design.event_contract (event_name, event_version, tmf_api, tmf_resource, source_table, event_type, event_key_strategy, payload_basis, consumer_notes) VALUES ('service_resource_design.resource_specification.deleted', 'v1', 'TMF730', 'resourceSpecification', 'service_resource_design.resource_specification', 'deleted', 'tenant_id + canonical_id + version', 'typed columns + tmf_payload snapshot', 'Register concrete consumers during integration design') ON CONFLICT (event_name, event_version) DO UPDATE SET source_table = EXCLUDED.source_table, payload_basis = EXCLUDED.payload_basis, updated_at = now();
INSERT INTO service_resource_design.tmf_api_resource_map (tmf_api, tmf_resource, resource_path, anchor_table, field_strategy, local_spec_path, promoted_fields) VALUES ('TMF701', 'processFlow', '/processFlow', 'service_specification', 'Promote common TMF lifecycle/reference fields; store remaining validated resource fields in tmf_payload and characteristics tables.', 'references/tmforum-open-apis/openapi-specs/TMF701_ProcessFlow/TMF701-ProcessFlow-v4.0.0.swagger.json', '["id", "href", "processFlowDate", "processFlowSpecification", "channel", "characteristic", "relatedEntity", "relatedParty", "state", "taskFlow", "@baseType", "@schemaLocation", "@type"]'::jsonb) ON CONFLICT (tmf_api, tmf_resource, anchor_table) DO UPDATE SET field_strategy = EXCLUDED.field_strategy, local_spec_path = EXCLUDED.local_spec_path, promoted_fields = EXCLUDED.promoted_fields, updated_at = now();
INSERT INTO service_resource_design.event_contract (event_name, event_version, tmf_api, tmf_resource, source_table, event_type, event_key_strategy, payload_basis, consumer_notes) VALUES ('service_resource_design.process_flow.created', 'v1', 'TMF701', 'processFlow', 'service_resource_design.service_specification', 'created', 'tenant_id + canonical_id + version', 'typed columns + tmf_payload snapshot', 'Register concrete consumers during integration design') ON CONFLICT (event_name, event_version) DO UPDATE SET source_table = EXCLUDED.source_table, payload_basis = EXCLUDED.payload_basis, updated_at = now();
INSERT INTO service_resource_design.event_contract (event_name, event_version, tmf_api, tmf_resource, source_table, event_type, event_key_strategy, payload_basis, consumer_notes) VALUES ('service_resource_design.process_flow.updated', 'v1', 'TMF701', 'processFlow', 'service_resource_design.service_specification', 'updated', 'tenant_id + canonical_id + version', 'typed columns + tmf_payload snapshot', 'Register concrete consumers during integration design') ON CONFLICT (event_name, event_version) DO UPDATE SET source_table = EXCLUDED.source_table, payload_basis = EXCLUDED.payload_basis, updated_at = now();
INSERT INTO service_resource_design.event_contract (event_name, event_version, tmf_api, tmf_resource, source_table, event_type, event_key_strategy, payload_basis, consumer_notes) VALUES ('service_resource_design.process_flow.stateChanged', 'v1', 'TMF701', 'processFlow', 'service_resource_design.service_specification', 'stateChanged', 'tenant_id + canonical_id + version', 'typed columns + tmf_payload snapshot', 'Register concrete consumers during integration design') ON CONFLICT (event_name, event_version) DO UPDATE SET source_table = EXCLUDED.source_table, payload_basis = EXCLUDED.payload_basis, updated_at = now();
INSERT INTO service_resource_design.event_contract (event_name, event_version, tmf_api, tmf_resource, source_table, event_type, event_key_strategy, payload_basis, consumer_notes) VALUES ('service_resource_design.process_flow.deleted', 'v1', 'TMF701', 'processFlow', 'service_resource_design.service_specification', 'deleted', 'tenant_id + canonical_id + version', 'typed columns + tmf_payload snapshot', 'Register concrete consumers during integration design') ON CONFLICT (event_name, event_version) DO UPDATE SET source_table = EXCLUDED.source_table, payload_basis = EXCLUDED.payload_basis, updated_at = now();
INSERT INTO service_resource_design.tmf_api_resource_map (tmf_api, tmf_resource, resource_path, anchor_table, field_strategy, local_spec_path, promoted_fields) VALUES ('TMF645', 'checkServiceQualification', '/checkServiceQualification', 'service_specification', 'Promote common TMF metadata; store resource-specific fields in tmf_payload until query patterns justify additional typed columns.', 'references/tmforum-open-apis/openapi-specs/TMF645_ServiceQualification/TMF645-Service_Qualification_Management-v5.0.0.oas.yaml', '[]'::jsonb) ON CONFLICT (tmf_api, tmf_resource, anchor_table) DO UPDATE SET field_strategy = EXCLUDED.field_strategy, local_spec_path = EXCLUDED.local_spec_path, promoted_fields = EXCLUDED.promoted_fields, updated_at = now();
INSERT INTO service_resource_design.event_contract (event_name, event_version, tmf_api, tmf_resource, source_table, event_type, event_key_strategy, payload_basis, consumer_notes) VALUES ('service_resource_design.check_service_qualification.created', 'v1', 'TMF645', 'checkServiceQualification', 'service_resource_design.service_specification', 'created', 'tenant_id + canonical_id + version', 'typed columns + tmf_payload snapshot', 'Register concrete consumers during integration design') ON CONFLICT (event_name, event_version) DO UPDATE SET source_table = EXCLUDED.source_table, payload_basis = EXCLUDED.payload_basis, updated_at = now();
INSERT INTO service_resource_design.event_contract (event_name, event_version, tmf_api, tmf_resource, source_table, event_type, event_key_strategy, payload_basis, consumer_notes) VALUES ('service_resource_design.check_service_qualification.updated', 'v1', 'TMF645', 'checkServiceQualification', 'service_resource_design.service_specification', 'updated', 'tenant_id + canonical_id + version', 'typed columns + tmf_payload snapshot', 'Register concrete consumers during integration design') ON CONFLICT (event_name, event_version) DO UPDATE SET source_table = EXCLUDED.source_table, payload_basis = EXCLUDED.payload_basis, updated_at = now();
INSERT INTO service_resource_design.event_contract (event_name, event_version, tmf_api, tmf_resource, source_table, event_type, event_key_strategy, payload_basis, consumer_notes) VALUES ('service_resource_design.check_service_qualification.stateChanged', 'v1', 'TMF645', 'checkServiceQualification', 'service_resource_design.service_specification', 'stateChanged', 'tenant_id + canonical_id + version', 'typed columns + tmf_payload snapshot', 'Register concrete consumers during integration design') ON CONFLICT (event_name, event_version) DO UPDATE SET source_table = EXCLUDED.source_table, payload_basis = EXCLUDED.payload_basis, updated_at = now();
INSERT INTO service_resource_design.event_contract (event_name, event_version, tmf_api, tmf_resource, source_table, event_type, event_key_strategy, payload_basis, consumer_notes) VALUES ('service_resource_design.check_service_qualification.deleted', 'v1', 'TMF645', 'checkServiceQualification', 'service_resource_design.service_specification', 'deleted', 'tenant_id + canonical_id + version', 'typed columns + tmf_payload snapshot', 'Register concrete consumers during integration design') ON CONFLICT (event_name, event_version) DO UPDATE SET source_table = EXCLUDED.source_table, payload_basis = EXCLUDED.payload_basis, updated_at = now();
INSERT INTO service_resource_design.tmf_api_resource_map (tmf_api, tmf_resource, resource_path, anchor_table, field_strategy, local_spec_path, promoted_fields) VALUES ('TMF645', 'queryServiceQualification', '/queryServiceQualification', 'service_specification', 'Promote common TMF metadata; store resource-specific fields in tmf_payload until query patterns justify additional typed columns.', 'references/tmforum-open-apis/openapi-specs/TMF645_ServiceQualification/TMF645-Service_Qualification_Management-v5.0.0.oas.yaml', '[]'::jsonb) ON CONFLICT (tmf_api, tmf_resource, anchor_table) DO UPDATE SET field_strategy = EXCLUDED.field_strategy, local_spec_path = EXCLUDED.local_spec_path, promoted_fields = EXCLUDED.promoted_fields, updated_at = now();
INSERT INTO service_resource_design.event_contract (event_name, event_version, tmf_api, tmf_resource, source_table, event_type, event_key_strategy, payload_basis, consumer_notes) VALUES ('service_resource_design.query_service_qualification.created', 'v1', 'TMF645', 'queryServiceQualification', 'service_resource_design.service_specification', 'created', 'tenant_id + canonical_id + version', 'typed columns + tmf_payload snapshot', 'Register concrete consumers during integration design') ON CONFLICT (event_name, event_version) DO UPDATE SET source_table = EXCLUDED.source_table, payload_basis = EXCLUDED.payload_basis, updated_at = now();
INSERT INTO service_resource_design.event_contract (event_name, event_version, tmf_api, tmf_resource, source_table, event_type, event_key_strategy, payload_basis, consumer_notes) VALUES ('service_resource_design.query_service_qualification.updated', 'v1', 'TMF645', 'queryServiceQualification', 'service_resource_design.service_specification', 'updated', 'tenant_id + canonical_id + version', 'typed columns + tmf_payload snapshot', 'Register concrete consumers during integration design') ON CONFLICT (event_name, event_version) DO UPDATE SET source_table = EXCLUDED.source_table, payload_basis = EXCLUDED.payload_basis, updated_at = now();
INSERT INTO service_resource_design.event_contract (event_name, event_version, tmf_api, tmf_resource, source_table, event_type, event_key_strategy, payload_basis, consumer_notes) VALUES ('service_resource_design.query_service_qualification.stateChanged', 'v1', 'TMF645', 'queryServiceQualification', 'service_resource_design.service_specification', 'stateChanged', 'tenant_id + canonical_id + version', 'typed columns + tmf_payload snapshot', 'Register concrete consumers during integration design') ON CONFLICT (event_name, event_version) DO UPDATE SET source_table = EXCLUDED.source_table, payload_basis = EXCLUDED.payload_basis, updated_at = now();
INSERT INTO service_resource_design.event_contract (event_name, event_version, tmf_api, tmf_resource, source_table, event_type, event_key_strategy, payload_basis, consumer_notes) VALUES ('service_resource_design.query_service_qualification.deleted', 'v1', 'TMF645', 'queryServiceQualification', 'service_resource_design.service_specification', 'deleted', 'tenant_id + canonical_id + version', 'typed columns + tmf_payload snapshot', 'Register concrete consumers during integration design') ON CONFLICT (event_name, event_version) DO UPDATE SET source_table = EXCLUDED.source_table, payload_basis = EXCLUDED.payload_basis, updated_at = now();
INSERT INTO service_resource_design.tmf_api_resource_map (tmf_api, tmf_resource, resource_path, anchor_table, field_strategy, local_spec_path, promoted_fields) VALUES ('TMF679', 'checkProductOfferingQualification', '/checkProductOfferingQualification', 'service_specification', 'Promote common TMF metadata; store resource-specific fields in tmf_payload until query patterns justify additional typed columns.', 'references/tmforum-open-apis/openapi-specs/TMF679_ProductOfferingQualification/TMF679-Product_Offering_Qualification-v5.0.0.oas.yaml', '[]'::jsonb) ON CONFLICT (tmf_api, tmf_resource, anchor_table) DO UPDATE SET field_strategy = EXCLUDED.field_strategy, local_spec_path = EXCLUDED.local_spec_path, promoted_fields = EXCLUDED.promoted_fields, updated_at = now();
INSERT INTO service_resource_design.event_contract (event_name, event_version, tmf_api, tmf_resource, source_table, event_type, event_key_strategy, payload_basis, consumer_notes) VALUES ('service_resource_design.check_product_offering_qualification.created', 'v1', 'TMF679', 'checkProductOfferingQualification', 'service_resource_design.service_specification', 'created', 'tenant_id + canonical_id + version', 'typed columns + tmf_payload snapshot', 'Register concrete consumers during integration design') ON CONFLICT (event_name, event_version) DO UPDATE SET source_table = EXCLUDED.source_table, payload_basis = EXCLUDED.payload_basis, updated_at = now();
INSERT INTO service_resource_design.event_contract (event_name, event_version, tmf_api, tmf_resource, source_table, event_type, event_key_strategy, payload_basis, consumer_notes) VALUES ('service_resource_design.check_product_offering_qualification.updated', 'v1', 'TMF679', 'checkProductOfferingQualification', 'service_resource_design.service_specification', 'updated', 'tenant_id + canonical_id + version', 'typed columns + tmf_payload snapshot', 'Register concrete consumers during integration design') ON CONFLICT (event_name, event_version) DO UPDATE SET source_table = EXCLUDED.source_table, payload_basis = EXCLUDED.payload_basis, updated_at = now();
INSERT INTO service_resource_design.event_contract (event_name, event_version, tmf_api, tmf_resource, source_table, event_type, event_key_strategy, payload_basis, consumer_notes) VALUES ('service_resource_design.check_product_offering_qualification.stateChanged', 'v1', 'TMF679', 'checkProductOfferingQualification', 'service_resource_design.service_specification', 'stateChanged', 'tenant_id + canonical_id + version', 'typed columns + tmf_payload snapshot', 'Register concrete consumers during integration design') ON CONFLICT (event_name, event_version) DO UPDATE SET source_table = EXCLUDED.source_table, payload_basis = EXCLUDED.payload_basis, updated_at = now();
INSERT INTO service_resource_design.event_contract (event_name, event_version, tmf_api, tmf_resource, source_table, event_type, event_key_strategy, payload_basis, consumer_notes) VALUES ('service_resource_design.check_product_offering_qualification.deleted', 'v1', 'TMF679', 'checkProductOfferingQualification', 'service_resource_design.service_specification', 'deleted', 'tenant_id + canonical_id + version', 'typed columns + tmf_payload snapshot', 'Register concrete consumers during integration design') ON CONFLICT (event_name, event_version) DO UPDATE SET source_table = EXCLUDED.source_table, payload_basis = EXCLUDED.payload_basis, updated_at = now();
INSERT INTO service_resource_design.tmf_api_resource_map (tmf_api, tmf_resource, resource_path, anchor_table, field_strategy, local_spec_path, promoted_fields) VALUES ('TMF679', 'queryProductOfferingQualification', '/queryProductOfferingQualification', 'service_specification', 'Promote common TMF metadata; store resource-specific fields in tmf_payload until query patterns justify additional typed columns.', 'references/tmforum-open-apis/openapi-specs/TMF679_ProductOfferingQualification/TMF679-Product_Offering_Qualification-v5.0.0.oas.yaml', '[]'::jsonb) ON CONFLICT (tmf_api, tmf_resource, anchor_table) DO UPDATE SET field_strategy = EXCLUDED.field_strategy, local_spec_path = EXCLUDED.local_spec_path, promoted_fields = EXCLUDED.promoted_fields, updated_at = now();
INSERT INTO service_resource_design.event_contract (event_name, event_version, tmf_api, tmf_resource, source_table, event_type, event_key_strategy, payload_basis, consumer_notes) VALUES ('service_resource_design.query_product_offering_qualification.created', 'v1', 'TMF679', 'queryProductOfferingQualification', 'service_resource_design.service_specification', 'created', 'tenant_id + canonical_id + version', 'typed columns + tmf_payload snapshot', 'Register concrete consumers during integration design') ON CONFLICT (event_name, event_version) DO UPDATE SET source_table = EXCLUDED.source_table, payload_basis = EXCLUDED.payload_basis, updated_at = now();
INSERT INTO service_resource_design.event_contract (event_name, event_version, tmf_api, tmf_resource, source_table, event_type, event_key_strategy, payload_basis, consumer_notes) VALUES ('service_resource_design.query_product_offering_qualification.updated', 'v1', 'TMF679', 'queryProductOfferingQualification', 'service_resource_design.service_specification', 'updated', 'tenant_id + canonical_id + version', 'typed columns + tmf_payload snapshot', 'Register concrete consumers during integration design') ON CONFLICT (event_name, event_version) DO UPDATE SET source_table = EXCLUDED.source_table, payload_basis = EXCLUDED.payload_basis, updated_at = now();
INSERT INTO service_resource_design.event_contract (event_name, event_version, tmf_api, tmf_resource, source_table, event_type, event_key_strategy, payload_basis, consumer_notes) VALUES ('service_resource_design.query_product_offering_qualification.stateChanged', 'v1', 'TMF679', 'queryProductOfferingQualification', 'service_resource_design.service_specification', 'stateChanged', 'tenant_id + canonical_id + version', 'typed columns + tmf_payload snapshot', 'Register concrete consumers during integration design') ON CONFLICT (event_name, event_version) DO UPDATE SET source_table = EXCLUDED.source_table, payload_basis = EXCLUDED.payload_basis, updated_at = now();
INSERT INTO service_resource_design.event_contract (event_name, event_version, tmf_api, tmf_resource, source_table, event_type, event_key_strategy, payload_basis, consumer_notes) VALUES ('service_resource_design.query_product_offering_qualification.deleted', 'v1', 'TMF679', 'queryProductOfferingQualification', 'service_resource_design.service_specification', 'deleted', 'tenant_id + canonical_id + version', 'typed columns + tmf_payload snapshot', 'Register concrete consumers during integration design') ON CONFLICT (event_name, event_version) DO UPDATE SET source_table = EXCLUDED.source_table, payload_basis = EXCLUDED.payload_basis, updated_at = now();
INSERT INTO service_resource_design.tmf_api_resource_map (tmf_api, tmf_resource, resource_path, anchor_table, field_strategy, local_spec_path, promoted_fields) VALUES ('TMF662', 'association', '/association', 'entity_template', 'Promote common TMF lifecycle/reference fields; store remaining validated resource fields in tmf_payload and characteristics tables.', 'references/tmforum-open-apis/openapi-specs/TMF662_EntityCatalog/TMF662_Entity_Catalog_Management_API_v4.0.0_swagger.json', '["description", "lastUpdate", "lifecycleStatus", "name", "validFor", "version", "associationSpec", "associationRole", "constraint", "href", "id", "@baseType", "@schemaLocation", "@type"]'::jsonb) ON CONFLICT (tmf_api, tmf_resource, anchor_table) DO UPDATE SET field_strategy = EXCLUDED.field_strategy, local_spec_path = EXCLUDED.local_spec_path, promoted_fields = EXCLUDED.promoted_fields, updated_at = now();
INSERT INTO service_resource_design.event_contract (event_name, event_version, tmf_api, tmf_resource, source_table, event_type, event_key_strategy, payload_basis, consumer_notes) VALUES ('service_resource_design.association.created', 'v1', 'TMF662', 'association', 'service_resource_design.entity_template', 'created', 'tenant_id + canonical_id + version', 'typed columns + tmf_payload snapshot', 'Register concrete consumers during integration design') ON CONFLICT (event_name, event_version) DO UPDATE SET source_table = EXCLUDED.source_table, payload_basis = EXCLUDED.payload_basis, updated_at = now();
INSERT INTO service_resource_design.event_contract (event_name, event_version, tmf_api, tmf_resource, source_table, event_type, event_key_strategy, payload_basis, consumer_notes) VALUES ('service_resource_design.association.updated', 'v1', 'TMF662', 'association', 'service_resource_design.entity_template', 'updated', 'tenant_id + canonical_id + version', 'typed columns + tmf_payload snapshot', 'Register concrete consumers during integration design') ON CONFLICT (event_name, event_version) DO UPDATE SET source_table = EXCLUDED.source_table, payload_basis = EXCLUDED.payload_basis, updated_at = now();
INSERT INTO service_resource_design.event_contract (event_name, event_version, tmf_api, tmf_resource, source_table, event_type, event_key_strategy, payload_basis, consumer_notes) VALUES ('service_resource_design.association.stateChanged', 'v1', 'TMF662', 'association', 'service_resource_design.entity_template', 'stateChanged', 'tenant_id + canonical_id + version', 'typed columns + tmf_payload snapshot', 'Register concrete consumers during integration design') ON CONFLICT (event_name, event_version) DO UPDATE SET source_table = EXCLUDED.source_table, payload_basis = EXCLUDED.payload_basis, updated_at = now();
INSERT INTO service_resource_design.event_contract (event_name, event_version, tmf_api, tmf_resource, source_table, event_type, event_key_strategy, payload_basis, consumer_notes) VALUES ('service_resource_design.association.deleted', 'v1', 'TMF662', 'association', 'service_resource_design.entity_template', 'deleted', 'tenant_id + canonical_id + version', 'typed columns + tmf_payload snapshot', 'Register concrete consumers during integration design') ON CONFLICT (event_name, event_version) DO UPDATE SET source_table = EXCLUDED.source_table, payload_basis = EXCLUDED.payload_basis, updated_at = now();
INSERT INTO service_resource_design.tmf_api_resource_map (tmf_api, tmf_resource, resource_path, anchor_table, field_strategy, local_spec_path, promoted_fields) VALUES ('TMF662', 'associationSpecification', '/associationSpecification', 'service_specification', 'Promote common TMF lifecycle/reference fields; store remaining validated resource fields in tmf_payload and characteristics tables.', 'references/tmforum-open-apis/openapi-specs/TMF662_EntityCatalog/TMF662_Entity_Catalog_Management_API_v4.0.0_swagger.json', '["description", "lastUpdate", "lifecycleStatus", "name", "validFor", "version", "constraint", "associationRoleSpec", "href", "id", "@baseType", "@schemaLocation", "@type"]'::jsonb) ON CONFLICT (tmf_api, tmf_resource, anchor_table) DO UPDATE SET field_strategy = EXCLUDED.field_strategy, local_spec_path = EXCLUDED.local_spec_path, promoted_fields = EXCLUDED.promoted_fields, updated_at = now();
INSERT INTO service_resource_design.event_contract (event_name, event_version, tmf_api, tmf_resource, source_table, event_type, event_key_strategy, payload_basis, consumer_notes) VALUES ('service_resource_design.association_specification.created', 'v1', 'TMF662', 'associationSpecification', 'service_resource_design.service_specification', 'created', 'tenant_id + canonical_id + version', 'typed columns + tmf_payload snapshot', 'Register concrete consumers during integration design') ON CONFLICT (event_name, event_version) DO UPDATE SET source_table = EXCLUDED.source_table, payload_basis = EXCLUDED.payload_basis, updated_at = now();
INSERT INTO service_resource_design.event_contract (event_name, event_version, tmf_api, tmf_resource, source_table, event_type, event_key_strategy, payload_basis, consumer_notes) VALUES ('service_resource_design.association_specification.updated', 'v1', 'TMF662', 'associationSpecification', 'service_resource_design.service_specification', 'updated', 'tenant_id + canonical_id + version', 'typed columns + tmf_payload snapshot', 'Register concrete consumers during integration design') ON CONFLICT (event_name, event_version) DO UPDATE SET source_table = EXCLUDED.source_table, payload_basis = EXCLUDED.payload_basis, updated_at = now();
INSERT INTO service_resource_design.event_contract (event_name, event_version, tmf_api, tmf_resource, source_table, event_type, event_key_strategy, payload_basis, consumer_notes) VALUES ('service_resource_design.association_specification.stateChanged', 'v1', 'TMF662', 'associationSpecification', 'service_resource_design.service_specification', 'stateChanged', 'tenant_id + canonical_id + version', 'typed columns + tmf_payload snapshot', 'Register concrete consumers during integration design') ON CONFLICT (event_name, event_version) DO UPDATE SET source_table = EXCLUDED.source_table, payload_basis = EXCLUDED.payload_basis, updated_at = now();
INSERT INTO service_resource_design.event_contract (event_name, event_version, tmf_api, tmf_resource, source_table, event_type, event_key_strategy, payload_basis, consumer_notes) VALUES ('service_resource_design.association_specification.deleted', 'v1', 'TMF662', 'associationSpecification', 'service_resource_design.service_specification', 'deleted', 'tenant_id + canonical_id + version', 'typed columns + tmf_payload snapshot', 'Register concrete consumers during integration design') ON CONFLICT (event_name, event_version) DO UPDATE SET source_table = EXCLUDED.source_table, payload_basis = EXCLUDED.payload_basis, updated_at = now();
INSERT INTO service_resource_design.tmf_api_resource_map (tmf_api, tmf_resource, resource_path, anchor_table, field_strategy, local_spec_path, promoted_fields) VALUES ('TMF662', 'entityCatalog', '/entityCatalog', 'entity_template', 'Promote common TMF lifecycle/reference fields; store remaining validated resource fields in tmf_payload and characteristics tables.', 'references/tmforum-open-apis/openapi-specs/TMF662_EntityCatalog/TMF662_Entity_Catalog_Management_API_v4.0.0_swagger.json', '["id", "href", "description", "lastUpdate", "lifecycleStatus", "name", "version", "category", "relatedParty", "validFor", "@baseType", "@schemaLocation", "@type"]'::jsonb) ON CONFLICT (tmf_api, tmf_resource, anchor_table) DO UPDATE SET field_strategy = EXCLUDED.field_strategy, local_spec_path = EXCLUDED.local_spec_path, promoted_fields = EXCLUDED.promoted_fields, updated_at = now();
INSERT INTO service_resource_design.event_contract (event_name, event_version, tmf_api, tmf_resource, source_table, event_type, event_key_strategy, payload_basis, consumer_notes) VALUES ('service_resource_design.entity_catalog.created', 'v1', 'TMF662', 'entityCatalog', 'service_resource_design.entity_template', 'created', 'tenant_id + canonical_id + version', 'typed columns + tmf_payload snapshot', 'Register concrete consumers during integration design') ON CONFLICT (event_name, event_version) DO UPDATE SET source_table = EXCLUDED.source_table, payload_basis = EXCLUDED.payload_basis, updated_at = now();
INSERT INTO service_resource_design.event_contract (event_name, event_version, tmf_api, tmf_resource, source_table, event_type, event_key_strategy, payload_basis, consumer_notes) VALUES ('service_resource_design.entity_catalog.updated', 'v1', 'TMF662', 'entityCatalog', 'service_resource_design.entity_template', 'updated', 'tenant_id + canonical_id + version', 'typed columns + tmf_payload snapshot', 'Register concrete consumers during integration design') ON CONFLICT (event_name, event_version) DO UPDATE SET source_table = EXCLUDED.source_table, payload_basis = EXCLUDED.payload_basis, updated_at = now();
INSERT INTO service_resource_design.event_contract (event_name, event_version, tmf_api, tmf_resource, source_table, event_type, event_key_strategy, payload_basis, consumer_notes) VALUES ('service_resource_design.entity_catalog.stateChanged', 'v1', 'TMF662', 'entityCatalog', 'service_resource_design.entity_template', 'stateChanged', 'tenant_id + canonical_id + version', 'typed columns + tmf_payload snapshot', 'Register concrete consumers during integration design') ON CONFLICT (event_name, event_version) DO UPDATE SET source_table = EXCLUDED.source_table, payload_basis = EXCLUDED.payload_basis, updated_at = now();
INSERT INTO service_resource_design.event_contract (event_name, event_version, tmf_api, tmf_resource, source_table, event_type, event_key_strategy, payload_basis, consumer_notes) VALUES ('service_resource_design.entity_catalog.deleted', 'v1', 'TMF662', 'entityCatalog', 'service_resource_design.entity_template', 'deleted', 'tenant_id + canonical_id + version', 'typed columns + tmf_payload snapshot', 'Register concrete consumers during integration design') ON CONFLICT (event_name, event_version) DO UPDATE SET source_table = EXCLUDED.source_table, payload_basis = EXCLUDED.payload_basis, updated_at = now();
INSERT INTO service_resource_design.tmf_api_resource_map (tmf_api, tmf_resource, resource_path, anchor_table, field_strategy, local_spec_path, promoted_fields) VALUES ('TMF662', 'entityCatalogItem', '/entityCatalogItem', 'entity_template', 'Promote common TMF lifecycle/reference fields; store remaining validated resource fields in tmf_payload and characteristics tables.', 'references/tmforum-open-apis/openapi-specs/TMF662_EntityCatalog/TMF662_Entity_Catalog_Management_API_v4.0.0_swagger.json', '["id", "href", "description", "lastUpdate", "lifecycleStatus", "name", "version", "category", "specification", "validFor", "@baseType", "@schemaLocation", "@type"]'::jsonb) ON CONFLICT (tmf_api, tmf_resource, anchor_table) DO UPDATE SET field_strategy = EXCLUDED.field_strategy, local_spec_path = EXCLUDED.local_spec_path, promoted_fields = EXCLUDED.promoted_fields, updated_at = now();
INSERT INTO service_resource_design.event_contract (event_name, event_version, tmf_api, tmf_resource, source_table, event_type, event_key_strategy, payload_basis, consumer_notes) VALUES ('service_resource_design.entity_catalog_item.created', 'v1', 'TMF662', 'entityCatalogItem', 'service_resource_design.entity_template', 'created', 'tenant_id + canonical_id + version', 'typed columns + tmf_payload snapshot', 'Register concrete consumers during integration design') ON CONFLICT (event_name, event_version) DO UPDATE SET source_table = EXCLUDED.source_table, payload_basis = EXCLUDED.payload_basis, updated_at = now();
INSERT INTO service_resource_design.event_contract (event_name, event_version, tmf_api, tmf_resource, source_table, event_type, event_key_strategy, payload_basis, consumer_notes) VALUES ('service_resource_design.entity_catalog_item.updated', 'v1', 'TMF662', 'entityCatalogItem', 'service_resource_design.entity_template', 'updated', 'tenant_id + canonical_id + version', 'typed columns + tmf_payload snapshot', 'Register concrete consumers during integration design') ON CONFLICT (event_name, event_version) DO UPDATE SET source_table = EXCLUDED.source_table, payload_basis = EXCLUDED.payload_basis, updated_at = now();
INSERT INTO service_resource_design.event_contract (event_name, event_version, tmf_api, tmf_resource, source_table, event_type, event_key_strategy, payload_basis, consumer_notes) VALUES ('service_resource_design.entity_catalog_item.stateChanged', 'v1', 'TMF662', 'entityCatalogItem', 'service_resource_design.entity_template', 'stateChanged', 'tenant_id + canonical_id + version', 'typed columns + tmf_payload snapshot', 'Register concrete consumers during integration design') ON CONFLICT (event_name, event_version) DO UPDATE SET source_table = EXCLUDED.source_table, payload_basis = EXCLUDED.payload_basis, updated_at = now();
INSERT INTO service_resource_design.event_contract (event_name, event_version, tmf_api, tmf_resource, source_table, event_type, event_key_strategy, payload_basis, consumer_notes) VALUES ('service_resource_design.entity_catalog_item.deleted', 'v1', 'TMF662', 'entityCatalogItem', 'service_resource_design.entity_template', 'deleted', 'tenant_id + canonical_id + version', 'typed columns + tmf_payload snapshot', 'Register concrete consumers during integration design') ON CONFLICT (event_name, event_version) DO UPDATE SET source_table = EXCLUDED.source_table, payload_basis = EXCLUDED.payload_basis, updated_at = now();
INSERT INTO service_resource_design.tmf_api_resource_map (tmf_api, tmf_resource, resource_path, anchor_table, field_strategy, local_spec_path, promoted_fields) VALUES ('TMF662', 'entityCategory', '/entityCategory', 'entity_template', 'Promote common TMF lifecycle/reference fields; store remaining validated resource fields in tmf_payload and characteristics tables.', 'references/tmforum-open-apis/openapi-specs/TMF662_EntityCatalog/TMF662_Entity_Catalog_Management_API_v4.0.0_swagger.json', '["id", "href", "description", "isRoot", "lastUpdate", "lifecycleStatus", "name", "parentId", "version", "childCategory", "entityCatalogItem", "validFor", "@baseType", "@schemaLocation", "@type"]'::jsonb) ON CONFLICT (tmf_api, tmf_resource, anchor_table) DO UPDATE SET field_strategy = EXCLUDED.field_strategy, local_spec_path = EXCLUDED.local_spec_path, promoted_fields = EXCLUDED.promoted_fields, updated_at = now();
INSERT INTO service_resource_design.event_contract (event_name, event_version, tmf_api, tmf_resource, source_table, event_type, event_key_strategy, payload_basis, consumer_notes) VALUES ('service_resource_design.entity_category.created', 'v1', 'TMF662', 'entityCategory', 'service_resource_design.entity_template', 'created', 'tenant_id + canonical_id + version', 'typed columns + tmf_payload snapshot', 'Register concrete consumers during integration design') ON CONFLICT (event_name, event_version) DO UPDATE SET source_table = EXCLUDED.source_table, payload_basis = EXCLUDED.payload_basis, updated_at = now();
INSERT INTO service_resource_design.event_contract (event_name, event_version, tmf_api, tmf_resource, source_table, event_type, event_key_strategy, payload_basis, consumer_notes) VALUES ('service_resource_design.entity_category.updated', 'v1', 'TMF662', 'entityCategory', 'service_resource_design.entity_template', 'updated', 'tenant_id + canonical_id + version', 'typed columns + tmf_payload snapshot', 'Register concrete consumers during integration design') ON CONFLICT (event_name, event_version) DO UPDATE SET source_table = EXCLUDED.source_table, payload_basis = EXCLUDED.payload_basis, updated_at = now();
INSERT INTO service_resource_design.event_contract (event_name, event_version, tmf_api, tmf_resource, source_table, event_type, event_key_strategy, payload_basis, consumer_notes) VALUES ('service_resource_design.entity_category.stateChanged', 'v1', 'TMF662', 'entityCategory', 'service_resource_design.entity_template', 'stateChanged', 'tenant_id + canonical_id + version', 'typed columns + tmf_payload snapshot', 'Register concrete consumers during integration design') ON CONFLICT (event_name, event_version) DO UPDATE SET source_table = EXCLUDED.source_table, payload_basis = EXCLUDED.payload_basis, updated_at = now();
INSERT INTO service_resource_design.event_contract (event_name, event_version, tmf_api, tmf_resource, source_table, event_type, event_key_strategy, payload_basis, consumer_notes) VALUES ('service_resource_design.entity_category.deleted', 'v1', 'TMF662', 'entityCategory', 'service_resource_design.entity_template', 'deleted', 'tenant_id + canonical_id + version', 'typed columns + tmf_payload snapshot', 'Register concrete consumers during integration design') ON CONFLICT (event_name, event_version) DO UPDATE SET source_table = EXCLUDED.source_table, payload_basis = EXCLUDED.payload_basis, updated_at = now();
INSERT INTO service_resource_design.tmf_api_resource_map (tmf_api, tmf_resource, resource_path, anchor_table, field_strategy, local_spec_path, promoted_fields) VALUES ('TMF662', 'entitySpecification', '/entitySpecification', 'entity_template', 'Promote common TMF lifecycle/reference fields; store remaining validated resource fields in tmf_payload and characteristics tables.', 'references/tmforum-open-apis/openapi-specs/TMF662_EntityCatalog/TMF662_Entity_Catalog_Management_API_v4.0.0_swagger.json', '["id", "href", "description", "isBundle", "lastUpdate", "lifecycleStatus", "name", "version", "attachment", "constraint", "entitySpecRelationship", "relatedParty", "specCharacteristic", "targetEntitySchema", "validFor", "@baseType"]'::jsonb) ON CONFLICT (tmf_api, tmf_resource, anchor_table) DO UPDATE SET field_strategy = EXCLUDED.field_strategy, local_spec_path = EXCLUDED.local_spec_path, promoted_fields = EXCLUDED.promoted_fields, updated_at = now();
INSERT INTO service_resource_design.event_contract (event_name, event_version, tmf_api, tmf_resource, source_table, event_type, event_key_strategy, payload_basis, consumer_notes) VALUES ('service_resource_design.entity_specification.created', 'v1', 'TMF662', 'entitySpecification', 'service_resource_design.entity_template', 'created', 'tenant_id + canonical_id + version', 'typed columns + tmf_payload snapshot', 'Register concrete consumers during integration design') ON CONFLICT (event_name, event_version) DO UPDATE SET source_table = EXCLUDED.source_table, payload_basis = EXCLUDED.payload_basis, updated_at = now();
INSERT INTO service_resource_design.event_contract (event_name, event_version, tmf_api, tmf_resource, source_table, event_type, event_key_strategy, payload_basis, consumer_notes) VALUES ('service_resource_design.entity_specification.updated', 'v1', 'TMF662', 'entitySpecification', 'service_resource_design.entity_template', 'updated', 'tenant_id + canonical_id + version', 'typed columns + tmf_payload snapshot', 'Register concrete consumers during integration design') ON CONFLICT (event_name, event_version) DO UPDATE SET source_table = EXCLUDED.source_table, payload_basis = EXCLUDED.payload_basis, updated_at = now();
INSERT INTO service_resource_design.event_contract (event_name, event_version, tmf_api, tmf_resource, source_table, event_type, event_key_strategy, payload_basis, consumer_notes) VALUES ('service_resource_design.entity_specification.stateChanged', 'v1', 'TMF662', 'entitySpecification', 'service_resource_design.entity_template', 'stateChanged', 'tenant_id + canonical_id + version', 'typed columns + tmf_payload snapshot', 'Register concrete consumers during integration design') ON CONFLICT (event_name, event_version) DO UPDATE SET source_table = EXCLUDED.source_table, payload_basis = EXCLUDED.payload_basis, updated_at = now();
INSERT INTO service_resource_design.event_contract (event_name, event_version, tmf_api, tmf_resource, source_table, event_type, event_key_strategy, payload_basis, consumer_notes) VALUES ('service_resource_design.entity_specification.deleted', 'v1', 'TMF662', 'entitySpecification', 'service_resource_design.entity_template', 'deleted', 'tenant_id + canonical_id + version', 'typed columns + tmf_payload snapshot', 'Register concrete consumers during integration design') ON CONFLICT (event_name, event_version) DO UPDATE SET source_table = EXCLUDED.source_table, payload_basis = EXCLUDED.payload_basis, updated_at = now();
INSERT INTO service_resource_design.tmf_api_resource_map (tmf_api, tmf_resource, resource_path, anchor_table, field_strategy, local_spec_path, promoted_fields) VALUES ('TMF662', 'exportJob', '/exportJob', 'entity_template', 'Promote common TMF lifecycle/reference fields; store remaining validated resource fields in tmf_payload and characteristics tables.', 'references/tmforum-open-apis/openapi-specs/TMF662_EntityCatalog/TMF662_Entity_Catalog_Management_API_v4.0.0_swagger.json', '["id", "href", "completionDate", "contentType", "creationDate", "errorLog", "path", "query", "url", "status"]'::jsonb) ON CONFLICT (tmf_api, tmf_resource, anchor_table) DO UPDATE SET field_strategy = EXCLUDED.field_strategy, local_spec_path = EXCLUDED.local_spec_path, promoted_fields = EXCLUDED.promoted_fields, updated_at = now();
INSERT INTO service_resource_design.event_contract (event_name, event_version, tmf_api, tmf_resource, source_table, event_type, event_key_strategy, payload_basis, consumer_notes) VALUES ('service_resource_design.export_job.created', 'v1', 'TMF662', 'exportJob', 'service_resource_design.entity_template', 'created', 'tenant_id + canonical_id + version', 'typed columns + tmf_payload snapshot', 'Register concrete consumers during integration design') ON CONFLICT (event_name, event_version) DO UPDATE SET source_table = EXCLUDED.source_table, payload_basis = EXCLUDED.payload_basis, updated_at = now();
INSERT INTO service_resource_design.event_contract (event_name, event_version, tmf_api, tmf_resource, source_table, event_type, event_key_strategy, payload_basis, consumer_notes) VALUES ('service_resource_design.export_job.updated', 'v1', 'TMF662', 'exportJob', 'service_resource_design.entity_template', 'updated', 'tenant_id + canonical_id + version', 'typed columns + tmf_payload snapshot', 'Register concrete consumers during integration design') ON CONFLICT (event_name, event_version) DO UPDATE SET source_table = EXCLUDED.source_table, payload_basis = EXCLUDED.payload_basis, updated_at = now();
INSERT INTO service_resource_design.event_contract (event_name, event_version, tmf_api, tmf_resource, source_table, event_type, event_key_strategy, payload_basis, consumer_notes) VALUES ('service_resource_design.export_job.stateChanged', 'v1', 'TMF662', 'exportJob', 'service_resource_design.entity_template', 'stateChanged', 'tenant_id + canonical_id + version', 'typed columns + tmf_payload snapshot', 'Register concrete consumers during integration design') ON CONFLICT (event_name, event_version) DO UPDATE SET source_table = EXCLUDED.source_table, payload_basis = EXCLUDED.payload_basis, updated_at = now();
INSERT INTO service_resource_design.event_contract (event_name, event_version, tmf_api, tmf_resource, source_table, event_type, event_key_strategy, payload_basis, consumer_notes) VALUES ('service_resource_design.export_job.deleted', 'v1', 'TMF662', 'exportJob', 'service_resource_design.entity_template', 'deleted', 'tenant_id + canonical_id + version', 'typed columns + tmf_payload snapshot', 'Register concrete consumers during integration design') ON CONFLICT (event_name, event_version) DO UPDATE SET source_table = EXCLUDED.source_table, payload_basis = EXCLUDED.payload_basis, updated_at = now();
INSERT INTO service_resource_design.tmf_api_resource_map (tmf_api, tmf_resource, resource_path, anchor_table, field_strategy, local_spec_path, promoted_fields) VALUES ('TMF662', 'importJob', '/importJob', 'entity_template', 'Promote common TMF lifecycle/reference fields; store remaining validated resource fields in tmf_payload and characteristics tables.', 'references/tmforum-open-apis/openapi-specs/TMF662_EntityCatalog/TMF662_Entity_Catalog_Management_API_v4.0.0_swagger.json', '["id", "href", "completionDate", "contentType", "creationDate", "errorLog", "path", "url", "status"]'::jsonb) ON CONFLICT (tmf_api, tmf_resource, anchor_table) DO UPDATE SET field_strategy = EXCLUDED.field_strategy, local_spec_path = EXCLUDED.local_spec_path, promoted_fields = EXCLUDED.promoted_fields, updated_at = now();
INSERT INTO service_resource_design.event_contract (event_name, event_version, tmf_api, tmf_resource, source_table, event_type, event_key_strategy, payload_basis, consumer_notes) VALUES ('service_resource_design.import_job.created', 'v1', 'TMF662', 'importJob', 'service_resource_design.entity_template', 'created', 'tenant_id + canonical_id + version', 'typed columns + tmf_payload snapshot', 'Register concrete consumers during integration design') ON CONFLICT (event_name, event_version) DO UPDATE SET source_table = EXCLUDED.source_table, payload_basis = EXCLUDED.payload_basis, updated_at = now();
INSERT INTO service_resource_design.event_contract (event_name, event_version, tmf_api, tmf_resource, source_table, event_type, event_key_strategy, payload_basis, consumer_notes) VALUES ('service_resource_design.import_job.updated', 'v1', 'TMF662', 'importJob', 'service_resource_design.entity_template', 'updated', 'tenant_id + canonical_id + version', 'typed columns + tmf_payload snapshot', 'Register concrete consumers during integration design') ON CONFLICT (event_name, event_version) DO UPDATE SET source_table = EXCLUDED.source_table, payload_basis = EXCLUDED.payload_basis, updated_at = now();
INSERT INTO service_resource_design.event_contract (event_name, event_version, tmf_api, tmf_resource, source_table, event_type, event_key_strategy, payload_basis, consumer_notes) VALUES ('service_resource_design.import_job.stateChanged', 'v1', 'TMF662', 'importJob', 'service_resource_design.entity_template', 'stateChanged', 'tenant_id + canonical_id + version', 'typed columns + tmf_payload snapshot', 'Register concrete consumers during integration design') ON CONFLICT (event_name, event_version) DO UPDATE SET source_table = EXCLUDED.source_table, payload_basis = EXCLUDED.payload_basis, updated_at = now();
INSERT INTO service_resource_design.event_contract (event_name, event_version, tmf_api, tmf_resource, source_table, event_type, event_key_strategy, payload_basis, consumer_notes) VALUES ('service_resource_design.import_job.deleted', 'v1', 'TMF662', 'importJob', 'service_resource_design.entity_template', 'deleted', 'tenant_id + canonical_id + version', 'typed columns + tmf_payload snapshot', 'Register concrete consumers during integration design') ON CONFLICT (event_name, event_version) DO UPDATE SET source_table = EXCLUDED.source_table, payload_basis = EXCLUDED.payload_basis, updated_at = now();

INSERT INTO service_resource_design.privacy_retention_policy (table_name, data_domain, data_classification, retention_class, retention_basis, default_retention_days, legal_hold_supported, residency_rule, masking_policy, audit_level) VALUES ('service_resource_design.service_specification', 'service_resource_design', 'internal', 'domain_lifecycle', 'Suite data model and TMF API baseline review', 1095, true, 'Keep operational data in the suite deployment region unless a release-specific residency rule overrides it.', 'Apply tenant isolation and redact source identifiers in shared read models.', 'standard') ON CONFLICT (table_name) DO UPDATE SET data_classification = EXCLUDED.data_classification, retention_class = EXCLUDED.retention_class, masking_policy = EXCLUDED.masking_policy, audit_level = EXCLUDED.audit_level, updated_at = now();
INSERT INTO service_resource_design.privacy_retention_policy (table_name, data_domain, data_classification, retention_class, retention_basis, default_retention_days, legal_hold_supported, residency_rule, masking_policy, audit_level) VALUES ('service_resource_design.resource_specification', 'service_resource_design', 'internal', 'domain_lifecycle', 'Suite data model and TMF API baseline review', 1095, true, 'Keep operational data in the suite deployment region unless a release-specific residency rule overrides it.', 'Apply tenant isolation and redact source identifiers in shared read models.', 'standard') ON CONFLICT (table_name) DO UPDATE SET data_classification = EXCLUDED.data_classification, retention_class = EXCLUDED.retention_class, masking_policy = EXCLUDED.masking_policy, audit_level = EXCLUDED.audit_level, updated_at = now();
INSERT INTO service_resource_design.privacy_retention_policy (table_name, data_domain, data_classification, retention_class, retention_basis, default_retention_days, legal_hold_supported, residency_rule, masking_policy, audit_level) VALUES ('service_resource_design.specification_version', 'service_resource_design', 'internal', 'domain_lifecycle', 'Suite data model and TMF API baseline review', 1095, true, 'Keep operational data in the suite deployment region unless a release-specific residency rule overrides it.', 'Apply tenant isolation and redact source identifiers in shared read models.', 'standard') ON CONFLICT (table_name) DO UPDATE SET data_classification = EXCLUDED.data_classification, retention_class = EXCLUDED.retention_class, masking_policy = EXCLUDED.masking_policy, audit_level = EXCLUDED.audit_level, updated_at = now();
INSERT INTO service_resource_design.privacy_retention_policy (table_name, data_domain, data_classification, retention_class, retention_basis, default_retention_days, legal_hold_supported, residency_rule, masking_policy, audit_level) VALUES ('service_resource_design.realization_rule', 'service_resource_design', 'internal', 'domain_lifecycle', 'Suite data model and TMF API baseline review', 1095, true, 'Keep operational data in the suite deployment region unless a release-specific residency rule overrides it.', 'Apply tenant isolation and redact source identifiers in shared read models.', 'standard') ON CONFLICT (table_name) DO UPDATE SET data_classification = EXCLUDED.data_classification, retention_class = EXCLUDED.retention_class, masking_policy = EXCLUDED.masking_policy, audit_level = EXCLUDED.audit_level, updated_at = now();
INSERT INTO service_resource_design.privacy_retention_policy (table_name, data_domain, data_classification, retention_class, retention_basis, default_retention_days, legal_hold_supported, residency_rule, masking_policy, audit_level) VALUES ('service_resource_design.technical_compatibility_rule', 'service_resource_design', 'internal', 'domain_lifecycle', 'Suite data model and TMF API baseline review', 1095, true, 'Keep operational data in the suite deployment region unless a release-specific residency rule overrides it.', 'Apply tenant isolation and redact source identifiers in shared read models.', 'standard') ON CONFLICT (table_name) DO UPDATE SET data_classification = EXCLUDED.data_classification, retention_class = EXCLUDED.retention_class, masking_policy = EXCLUDED.masking_policy, audit_level = EXCLUDED.audit_level, updated_at = now();
INSERT INTO service_resource_design.privacy_retention_policy (table_name, data_domain, data_classification, retention_class, retention_basis, default_retention_days, legal_hold_supported, residency_rule, masking_policy, audit_level) VALUES ('service_resource_design.entity_template', 'service_resource_design', 'internal', 'domain_lifecycle', 'Suite data model and TMF API baseline review', 1095, true, 'Keep operational data in the suite deployment region unless a release-specific residency rule overrides it.', 'Apply tenant isolation and redact source identifiers in shared read models.', 'standard') ON CONFLICT (table_name) DO UPDATE SET data_classification = EXCLUDED.data_classification, retention_class = EXCLUDED.retention_class, masking_policy = EXCLUDED.masking_policy, audit_level = EXCLUDED.audit_level, updated_at = now();
INSERT INTO service_resource_design.privacy_retention_policy (table_name, data_domain, data_classification, retention_class, retention_basis, default_retention_days, legal_hold_supported, residency_rule, masking_policy, audit_level) VALUES ('service_resource_design.event_outbox', 'service_resource_design', 'internal', 'operational_telemetry', 'Suite data model and TMF API baseline review', 730, true, 'Keep operational data in the suite deployment region unless a release-specific residency rule overrides it.', 'Aggregate or pseudonymize identifiers before analytics distribution.', 'standard') ON CONFLICT (table_name) DO UPDATE SET data_classification = EXCLUDED.data_classification, retention_class = EXCLUDED.retention_class, masking_policy = EXCLUDED.masking_policy, audit_level = EXCLUDED.audit_level, updated_at = now();

COMMIT;
